,EDA_mean,EDA_std,EDA_min,EDA_max,EDA_phasic_mean,EDA_phasic_std,EDA_phasic_min,EDA_phasic_max,EDA_smna_mean,EDA_smna_std,EDA_smna_min,EDA_smna_max,EDA_tonic_mean,EDA_tonic_std,EDA_tonic_min,EDA_tonic_max,BVP_mean,BVP_std,BVP_min,BVP_max,TEMP_mean,TEMP_std,TEMP_min,TEMP_max,ACC_x_mean,ACC_x_std,ACC_x_min,ACC_x_max,ACC_y_mean,ACC_y_std,ACC_y_min,ACC_y_max,ACC_z_mean,ACC_z_std,ACC_z_min,ACC_z_max,net_acc_mean,net_acc_std,net_acc_min,net_acc_max,BVP_peak_freq,TEMP_slope,0,1,2
0,0.15076240461425292,0.04439218058221312,-164.37,152.0,0.15076240461425292,0.12463979645917214,-164.37,152.0,0.15076240461425292,0.09544581233790816,-164.37,152.0,0.15076240461425292,0.13999084623561067,-164.37,152.0,0.15076240461425292,27.873324365414305,-164.37,152.0,0.15076240461425292,0.010247326988687376,-164.37,152.0,0.15076240461425292,0.011629750179398633,-164.37,152.0,0.15076240461425292,8.001886811633854e-06,-164.37,152.0,0.15076240461425292,8.001886811633854e-06,-164.37,152.0,0.15076240461425292,0.01160005747527347,-164.37,152.0,0.18993781797625775,0.00013627588627586595,True,False,False
0,0.15436629263885698,0.0023608540580152123,-164.92,179.29,0.15436629263885698,0.0010281740376705732,-164.92,179.29,0.15436629263885698,0.005610267995436112,-164.92,179.29,0.15436629263885698,0.0021749448329569762,-164.92,179.29,0.15436629263885698,31.75910602942792,-164.92,179.29,0.15436629263885698,0.021221905857088382,-164.92,179.29,0.15436629263885698,0.004565949883903406,-164.92,179.29,0.15436629263885698,3.141616422965764e-06,-164.92,179.29,0.15436629263885698,3.141616422965764e-06,-164.92,179.29,0.15436629263885698,0.004565952045502124,-164.92,179.29,0.09502262443438915,0.0005620393120393022,True,False,False
0,0.07066782674115674,0.0036978328087628027,-197.04,145.63,0.07066782674115674,0.0024477214062405286,-197.04,145.63,0.07066782674115674,0.007732555108621446,-197.04,145.63,0.07066782674115674,0.001844860591947949,-197.04,145.63,0.07066782674115674,47.7967730777232,-197.04,145.63,0.07066782674115674,0.017953337128500578,-197.04,145.63,0.07066782674115674,0.0077924171811545985,-197.04,145.63,0.07066782674115674,5.361597567511491e-06,-197.04,145.63,0.07066782674115674,5.361597567511491e-06,-197.04,145.63,0.07066782674115674,0.007792420870218083,-197.04,145.63,0.07235726399095534,-0.0002714424182314089,True,False,False
0,0.19098377704030112,0.03867344195302925,-363.24,319.6,0.19098377704030112,0.06885811434858127,-363.24,319.6,0.19098377704030112,0.21436067628764593,-363.24,319.6,0.19098377704030112,0.08427465343516408,-363.24,319.6,0.19098377704030112,85.915735891557,-363.24,319.6,0.19098377704030112,0.3989305360581298,-363.24,319.6,0.19098377704030112,0.009720093956368614,-363.24,319.6,0.19098377704030112,6.687941738859419e-06,-363.24,319.6,0.19098377704030112,6.687941738859419e-06,-363.24,319.6,0.19098377704030112,0.00972009855802723,-363.24,319.6,0.1085972850678733,0.010416198666198676,True,False,False
0,0.08276176744458562,0.07029782108408633,-335.99,779.69,0.08276176744458562,0.26958281942603085,-335.99,779.69,0.08276176744458562,0.48658279579781066,-335.99,779.69,0.08276176744458562,0.2685838241500393,-335.99,779.69,0.08276176744458562,98.89980988569431,-335.99,779.69,0.08276176744458562,0.03229205567169918,-335.99,779.69,0.08276176744458562,0.013999591885218968,-335.99,779.69,0.08276176744458562,9.632463977861874e-06,-335.99,779.69,0.08276176744458562,9.632463977861874e-06,-335.99,779.69,0.08276176744458562,0.010829964428615522,-335.99,779.69,0.054267947993216506,0.0009110294614881677,True,False,False
0,0.3095002196655154,0.03822803683604279,-295.47,365.86,0.3095002196655154,0.010785133705508265,-295.47,365.86,0.3095002196655154,0.02081984800805738,-295.47,365.86,0.3095002196655154,0.05498265307168537,-295.47,365.86,0.3095002196655154,44.823127355813384,-295.47,365.86,0.3095002196655154,0.01604413197800592,-295.47,365.86,0.3095002196655154,0.004839473194509517,-295.47,365.86,0.3095002196655154,3.329815011761818e-06,-295.47,365.86,0.3095002196655154,3.329815011761818e-06,-295.47,365.86,0.3095002196655154,0.004839475485598844,-295.47,365.86,0.18552036199095023,0.00020059670059669024,True,False,False
0,-0.005350712269378174,0.006281400097803957,-443.76,301.74,-0.005350712269378174,0.011797787815086804,-443.76,301.74,-0.005350712269378174,0.03490602505381434,-443.76,301.74,-0.005350712269378174,0.011980474059935497,-443.76,301.74,-0.005350712269378174,74.17684076672114,-443.76,301.74,-0.005350712269378174,0.01900934959173591,-443.76,301.74,-0.005350712269378174,0.007113095194320312,-443.76,301.74,-0.005350712269378174,4.8941879014868954e-06,-443.76,301.74,-0.005350712269378174,4.8941879014868954e-06,-443.76,301.74,-0.005350712269378174,0.007113098561781156,-443.76,301.74,0.08144796380090498,0.0002334377747221832,True,False,False
0,0.13380927437938517,0.0020299750854708607,-66.25,38.25,0.13380927437938517,0.0004002182494119468,-66.25,38.25,0.13380927437938517,0.001957545906360528,-66.25,38.25,0.13380927437938517,0.0018366004155009406,-66.25,38.25,0.13380927437938517,26.877096282312497,-66.25,38.25,0.13380927437938517,0.020255650383374988,-66.25,38.25,0.13380927437938517,0.0003391351198384101,-66.25,38.25,0.13380927437938517,2.3334300401431037e-07,-66.25,38.25,0.13380927437938517,2.3334300401431037e-07,-66.25,38.25,0.13380927437938517,0.00033913528039077165,-66.25,38.25,0.1537591859807801,-0.0003418743418743328,True,False,False
0,0.1632402530340259,0.0022378656939276856,-72.43,77.0,0.1632402530340259,0.00027128160515875254,-72.43,77.0,0.1632402530340259,0.0010575356086442648,-72.43,77.0,0.1632402530340259,0.002934267106090575,-72.43,77.0,0.1632402530340259,28.92919118649297,-72.43,77.0,0.1632402530340259,0.018903845426283563,-72.43,77.0,0.1632402530340259,0.0004369445651673188,-72.43,77.0,0.1632402530340259,3.006411057411253e-07,-72.43,77.0,0.1632402530340259,3.006411057411253e-07,-72.43,77.0,0.1632402530340259,0.0004369447720243443,-72.43,77.0,0.15837104072398192,-0.00043748168518809163,True,False,False
0,0.1181925101483257,0.0020986393779995937,-120.8,119.73,0.1181925101483257,0.001051410776245578,-120.8,119.73,0.1181925101483257,0.0035034668137204476,-120.8,119.73,0.1181925101483257,0.0018411928186913237,-120.8,119.73,0.1181925101483257,32.881473591036446,-120.8,119.73,0.1181925101483257,0.016574617980647934,-120.8,119.73,0.1181925101483257,0.0008827886674460038,-120.8,119.73,0.1181925101483257,6.074055664591479e-07,-120.8,119.73,0.1181925101483257,6.074055664591479e-07,-120.8,119.73,0.1181925101483257,0.0008827890853732484,-120.8,119.73,0.1628038439796495,-0.0004083889083888797,True,False,False
0,0.16427422275013917,0.008741150382797942,-355.5,323.85,0.16427422275013917,0.013255591291271204,-355.5,323.85,0.16427422275013917,0.03517865999444331,-355.5,323.85,0.16427422275013917,0.01415234302776818,-355.5,323.85,0.16427422275013917,66.05663940216371,-355.5,323.85,0.16427422275013917,0.014549999289994458,-355.5,323.85,0.16427422275013917,0.006017059448471656,-355.5,323.85,0.16427422275013917,4.140057000608065e-06,-355.5,323.85,0.16427422275013917,4.140057000608065e-06,-355.5,323.85,0.16427422275013917,0.005496183128450808,-355.5,323.85,0.16289592760180996,-0.00016175641863715374,True,False,False
0,0.12665724251298877,0.008098114106451313,-433.99,333.22,0.12665724251298877,0.009489585318368621,-433.99,333.22,0.12665724251298877,0.0267370274644448,-433.99,333.22,0.12665724251298877,0.01264831938689788,-433.99,333.22,0.12665724251298877,78.56320017305961,-433.99,333.22,0.12665724251298877,0.013555490359498134,-433.99,333.22,0.12665724251298877,0.011984484815497933,-433.99,333.22,0.12665724251298877,8.245963112710469e-06,-433.99,333.22,0.12665724251298877,8.245963112710469e-06,-433.99,333.22,0.12665724251298877,0.011984490489157886,-433.99,333.22,0.09044657998869417,0.0002702702702702784,True,False,False
0,0.12318274198017605,0.01494278634011839,-374.91,394.39,0.12318274198017605,0.024547128732871286,-374.91,394.39,0.12318274198017605,0.08935838049311613,-374.91,394.39,0.12318274198017605,0.025194979851846672,-374.91,394.39,0.12318274198017605,98.97038767205822,-374.91,394.39,0.12318274198017605,0.014380887224206622,-374.91,394.39,0.12318274198017605,0.0099679226216352,-374.91,394.39,0.12318274198017605,6.858461044738788e-06,-374.91,394.39,0.12318274198017605,6.858461044738788e-06,-374.91,394.39,0.12318274198017605,0.00978819078984423,-374.91,394.39,0.031674208144796386,0.00029502062529584435,True,False,False
0,0.20829215949945287,0.011059031517958694,-407.82,330.96,0.20829215949945287,0.010641990590723243,-407.82,330.96,0.20829215949945287,0.013836049632747274,-407.82,330.96,0.20829215949945287,0.005870891898876774,-407.82,330.96,0.20829215949945287,54.91757619465017,-407.82,330.96,0.20829215949945287,0.06691043817272682,-407.82,330.96,0.20829215949945287,0.002634962820932927,-407.82,330.96,0.20829215949945287,1.8129945975382077e-06,-407.82,330.96,0.20829215949945287,1.8129945975382077e-06,-407.82,330.96,0.20829215949945287,0.002634964068369364,-407.82,330.96,0.15837104072398192,0.00166128466128468,True,False,False
0,0.07949756968248403,0.011448056063630275,-279.38,366.33,0.07949756968248403,0.017392744819127247,-279.38,366.33,0.07949756968248403,0.05574919926831365,-279.38,366.33,0.07949756968248403,0.010170008033548146,-279.38,366.33,0.07949756968248403,83.87355677602018,-279.38,366.33,0.07949756968248403,0.042213937614555476,-279.38,366.33,0.07949756968248403,0.012829959625972413,-279.38,366.33,0.07949756968248403,8.827694760522547e-06,-279.38,366.33,0.07949756968248403,8.827694760522547e-06,-279.38,366.33,0.07949756968248403,0.01282996569989459,-279.38,366.33,0.10401356698699829,0.001269887068052197,True,False,False
0,0.18226763767964374,0.0221840226739669,-277.44,251.06,0.18226763767964374,0.013560399965275501,-277.44,251.06,0.18226763767964374,0.0422368659316135,-277.44,251.06,0.18226763767964374,0.022931363065264124,-277.44,251.06,0.18226763767964374,54.93569738471553,-277.44,251.06,0.18226763767964374,0.01673252146485598,-277.44,251.06,0.18226763767964374,0.01224326233131774,-277.44,251.06,0.18226763767964374,8.424015810235651e-06,-277.44,251.06,0.18226763767964374,8.424015810235651e-06,-277.44,251.06,0.18226763767964374,0.012243268127487394,-277.44,251.06,0.12217194570135748,1.8252018252015117e-05,True,False,False
0,0.1546722977975506,0.0019723411394707226,-53.77,50.3,0.1546722977975506,0.0007590803786182584,-53.77,50.3,0.1546722977975506,0.002879010916975163,-53.77,50.3,0.1546722977975506,0.002101481784407108,-53.77,50.3,0.1546722977975506,21.130821114181934,-53.77,50.3,0.1546722977975506,0.011418413431350574,-53.77,50.3,0.1546722977975506,0.000655900665742147,-53.77,50.3,0.1546722977975506,4.5129455112812597e-07,-53.77,50.3,0.1546722977975506,4.5129455112812597e-07,-53.77,50.3,0.1546722977975506,0.0006559009762567333,-53.77,50.3,0.1537591859807801,-0.00011613281338054077,True,False,False
0,0.14441660525428157,0.0013811905057932899,-63.05,83.62,0.14441660525428157,4.5673609546734484e-07,-63.05,83.62,0.14441660525428157,7.761440680243491e-07,-63.05,83.62,0.14441660525428157,0.0006881742944772385,-63.05,83.62,0.14441660525428157,20.48456734580169,-63.05,83.62,0.14441660525428157,0.020996983253272573,-63.05,83.62,0.14441660525428157,0.0007836047420904095,-63.05,83.62,0.14441660525428157,5.391617493533495e-07,-63.05,83.62,0.14441660525428157,5.391617493533495e-07,-63.05,83.62,0.14441660525428157,0.0007836051130622878,-63.05,83.62,0.16289592760180996,-0.0004724464724465142,True,False,False
0,0.12932423272021334,0.0019154127641463439,-260.56,142.52,0.12932423272021334,0.000919096138654381,-260.56,142.52,0.12932423272021334,0.0035913791125876037,-260.56,142.52,0.12932423272021334,0.0014166942402340928,-260.56,142.52,0.12932423272021334,35.626573799996706,-260.56,142.52,0.12932423272021334,0.014510184511075221,-260.56,142.52,0.12932423272021334,0.001076713637422699,-260.56,142.52,0.12932423272021334,7.408362623696982e-07,-260.56,142.52,0.12932423272021334,7.408362623696982e-07,-260.56,142.52,0.12932423272021334,0.001076714147157339,-260.56,142.52,0.16742081447963802,-0.0003203570543020102,True,False,False
0,0.15682975172352248,0.01187405886870694,-335.5,259.56,0.15682975172352248,0.017839606053234886,-335.5,259.56,0.15682975172352248,0.043661993594727985,-335.5,259.56,0.15682975172352248,0.015354442610193017,-335.5,259.56,0.15682975172352248,69.00813482673185,-335.5,259.56,0.15682975172352248,0.01806570266709893,-335.5,259.56,0.15682975172352248,0.014363860392906064,-335.5,259.56,0.15682975172352248,9.883100089780971e-06,-335.5,259.56,0.15682975172352248,9.883100089780971e-06,-335.5,259.56,0.15682975172352248,0.014130721269995544,-335.5,259.56,0.09044657998869417,-0.0001289926289926093,True,False,False
0,0.13482540763769726,0.00199392788720338,-356.12,347.83,0.13482540763769726,0.004256045737471866,-356.12,347.83,0.13482540763769726,0.005538539967154818,-356.12,347.83,0.13482540763769726,0.003953081760404489,-356.12,347.83,0.13482540763769726,52.62795508872745,-356.12,347.83,0.13482540763769726,0.01599143509090024,-356.12,347.83,0.13482540763769726,0.00221306823631433,-356.12,347.83,0.13482540763769726,1.5227086790548012e-06,-356.12,347.83,0.13482540763769726,1.5227086790548012e-06,-356.12,347.83,0.13482540763769726,0.0022130692840186582,-356.12,347.83,0.09502262443438915,-7.915057915056538e-05,True,False,False
0,0.13671206230283986,0.00322969256123072,-339.69,347.37,0.13671206230283986,0.005683396307568017,-339.69,347.37,0.13671206230283986,0.010372144072411962,-339.69,347.37,0.13671206230283986,0.008229898476069824,-339.69,347.37,0.13671206230283986,44.76101627492387,-339.69,347.37,0.13671206230283986,0.07957246294732788,-339.69,347.37,0.13671206230283986,0.0072942808249558825,-339.69,347.37,0.13671206230283986,5.018853254213786e-06,-339.69,347.37,0.13671206230283986,5.018853254213786e-06,-339.69,347.37,0.13671206230283986,0.007294284278193101,-339.69,347.37,0.22159412097230072,0.00174834884926623,True,False,False
0,0.13357875610642983,0.012279854237634114,-205.71,259.2,0.13357875610642983,0.013341489232011644,-205.71,259.2,0.13357875610642983,0.031769580646618445,-205.71,259.2,0.13357875610642983,0.021147068258354725,-205.71,259.2,0.13357875610642983,57.671261695738956,-205.71,259.2,0.13357875610642983,0.012801671833033212,-205.71,259.2,0.13357875610642983,0.00562415816406933,-205.71,259.2,0.13357875610642983,3.869720015080871e-06,-205.71,259.2,0.13357875610642983,3.869720015080871e-06,-205.71,259.2,0.13357875610642983,0.005624160826641935,-205.71,259.2,0.09502262443438915,0.00025096525096527836,True,False,False
0,0.14510275885783336,0.0016992575090053075,-182.54,148.61,0.14510275885783336,0.00039177399114024544,-182.54,148.61,0.14510275885783336,0.0002821276634543202,-182.54,148.61,0.14510275885783336,0.0017450396048489284,-182.54,148.61,0.14510275885783336,37.932456652774164,-182.54,148.61,0.14510275885783336,0.015298679249427825,-182.54,148.61,0.14510275885783336,0.000752032114285477,-182.54,148.61,0.14510275885783336,5.174381017991268e-07,-182.54,148.61,0.14510275885783336,5.174381017991268e-07,-182.54,148.61,0.14510275885783336,0.0007520324703103336,-182.54,148.61,0.17184850197851892,-6.708292946823645e-05,True,False,False
0,0.1268294425781619,0.002016854283606155,-176.58,129.46,0.1268294425781619,6.921790412493601e-06,-176.58,129.46,0.1268294425781619,4.133560213754214e-07,-176.58,129.46,0.1268294425781619,0.002047581892634345,-176.58,129.46,0.1268294425781619,49.51264018636988,-176.58,129.46,0.1268294425781619,0.013367378011526387,-176.58,129.46,0.1268294425781619,0.000765037268909863,-176.58,129.46,0.1268294425781619,5.263863400387131e-07,-176.58,129.46,0.1268294425781619,5.263863400387131e-07,-176.58,129.46,0.1268294425781619,0.0007650376310915826,-176.58,129.46,0.1719457013574661,-0.0001495261495261552,True,False,False
0,0.1555254432308271,0.013726162497584555,-360.24,345.06,0.1555254432308271,0.0124164508947591,-360.24,345.06,0.1555254432308271,0.043393606401570334,-360.24,345.06,0.1555254432308271,0.012607834199252986,-360.24,345.06,0.1555254432308271,63.65783399874894,-360.24,345.06,0.1555254432308271,0.01308712066394822,-360.24,345.06,0.1555254432308271,0.005383498699234931,-360.24,345.06,0.1555254432308271,3.7041335004913704e-06,-360.24,345.06,0.1555254432308271,3.7041335004913704e-06,-360.24,345.06,0.1555254432308271,0.004776243666464242,-360.24,345.06,0.1719457013574661,0.0001517480783536005,True,False,False
0,0.17846684336087215,0.017485148207114994,-255.66,306.84,0.17846684336087215,0.013802112172966681,-255.66,306.84,0.17846684336087215,0.04696756349696894,-255.66,306.84,0.17846684336087215,0.022960444740367878,-255.66,306.84,0.17846684336087215,70.32652575631923,-255.66,306.84,0.17846684336087215,0.013255188582160817,-255.66,306.84,0.17846684336087215,0.012192245573306077,-255.66,306.84,0.17846684336087215,8.388913566695717e-06,-255.66,306.84,0.17846684336087215,8.388913566695717e-06,-255.66,306.84,0.17846684336087215,0.012175643075930926,-255.66,306.84,0.058790276992651214,0.00014496314496313892,True,False,False
0,0.11252268067453845,0.013378066010804183,-488.8,348.94,0.11252268067453845,0.009422022586654448,-488.8,348.94,0.11252268067453845,0.02050731850194022,-488.8,348.94,0.11252268067453845,0.01999015124748658,-488.8,348.94,0.11252268067453845,92.03298303910856,-488.8,348.94,0.11252268067453845,0.016480391554361495,-488.8,348.94,0.11252268067453845,0.010886222942472192,-488.8,348.94,0.11252268067453845,7.490300517906614e-06,-488.8,348.94,0.11252268067453845,7.490300517906614e-06,-488.8,348.94,0.11252268067453845,0.010820488889755734,-488.8,348.94,0.18552036199095023,0.0004544327480106754,True,False,False
0,0.1394714505429939,0.024629539920763683,-162.75,134.11,0.1394714505429939,0.0062148954611055945,-162.75,134.11,0.1394714505429939,0.02213125348895829,-162.75,134.11,0.1394714505429939,0.03382818250322006,-162.75,134.11,0.1394714505429939,26.62601195279499,-162.75,134.11,0.1394714505429939,0.01711379768667662,-162.75,134.11,0.1394714505429939,0.0010161344070997215,-162.75,134.11,0.1394714505429939,6.99154529167977e-07,-162.75,134.11,0.1394714505429939,6.99154529167977e-07,-162.75,134.11,0.1394714505429939,0.001016134888155118,-162.75,134.11,0.21707179197286602,0.00016751491751492554,True,False,False
0,0.13609962417215463,0.034649551972804185,-123.03,58.16,0.13609962417215463,0.006552749489020965,-123.03,58.16,0.13609962417215463,0.028009636693510028,-123.03,58.16,0.13609962417215463,0.04106861541515413,-123.03,58.16,0.13609962417215463,25.08784695370045,-123.03,58.16,0.13609962417215463,0.01368476259468026,-123.03,58.16,0.13609962417215463,0.00034851591063486236,-123.03,58.16,0.13609962417215463,2.397974871286421e-07,-123.03,58.16,0.13609962417215463,2.397974871286421e-07,-123.03,58.16,0.13609962417215463,0.0003485160756282511,-123.03,58.16,0.20361990950226247,-0.00019196176994343953,True,False,False
0,0.1532339910353253,0.08260649359149957,-444.13,331.7,0.1532339910353253,0.027176105274347082,-444.13,331.7,0.1532339910353253,0.10630855777308305,-444.13,331.7,0.1532339910353253,0.09035568391616776,-444.13,331.7,0.1532339910353253,61.112844095709434,-444.13,331.7,0.1532339910353253,0.012865546200444227,-444.13,331.7,0.1532339910353253,0.0075658710327855885,-444.13,331.7,0.1532339910353253,5.205721765461015e-06,-444.13,331.7,0.1532339910353253,5.205721765461015e-06,-444.13,331.7,0.1532339910353253,0.007296645933577401,-444.13,331.7,0.18993781797625775,-0.0002779045279045019,True,False,False
0,0.1900407354758173,0.10459172569535595,-375.22,377.26,0.1900407354758173,0.07585482543485375,-375.22,377.26,0.1900407354758173,0.22659958922813223,-375.22,377.26,0.1900407354758173,0.18154417266533515,-375.22,377.26,0.1900407354758173,91.8564248452124,-375.22,377.26,0.1900407354758173,0.015346143888005684,-375.22,377.26,0.1900407354758173,0.008800487148940283,-375.22,377.26,0.1900407354758173,6.055203333413294e-06,-375.22,377.26,0.1900407354758173,6.055203333413294e-06,-375.22,377.26,0.1900407354758173,0.00880049131524132,-375.22,377.26,0.07692307692307693,-0.00011973942249171403,True,False,False
0,0.15091493750465612,0.12599897632028015,-476.87,319.68,0.15091493750465612,0.10737411751936875,-476.87,319.68,0.15091493750465612,0.34097651896366293,-476.87,319.68,0.15091493750465612,0.09976586575733588,-476.87,319.68,0.15091493750465612,70.66197906754901,-476.87,319.68,0.15091493750465612,0.019862362204714566,-476.87,319.68,0.15091493750465612,0.009846973605367687,-476.87,319.68,0.15091493750465612,6.775241687209893e-06,-476.87,319.68,0.15091493750465612,6.775241687209893e-06,-476.87,319.68,0.15091493750465612,0.009846978267093298,-476.87,319.68,0.08597285067873305,-0.0004928044928044887,True,False,False
0,0.11818843592584728,0.13483825355015708,-187.98,287.11,0.11818843592584728,0.08993714472477016,-187.98,287.11,0.11818843592584728,0.34253505749555313,-187.98,287.11,0.11818843592584728,0.16877572646372124,-187.98,287.11,0.11818843592584728,49.471898632258956,-187.98,287.11,0.11818843592584728,0.02166689976564563,-187.98,287.11,0.11818843592584728,0.0035201283236925554,-187.98,287.11,0.11818843592584728,2.422035553137804e-06,-187.98,287.11,0.11818843592584728,2.422035553137804e-06,-187.98,287.11,0.11818843592584728,0.003520129990181471,-187.98,287.11,0.12210288298473713,-0.0005675901088745015,True,False,False
0,0.17223602002610297,0.06934941706745376,-135.02,75.21,0.17223602002610297,0.04880777837293692,-135.02,75.21,0.17223602002610297,0.19113519781198532,-135.02,75.21,0.17223602002610297,0.05912228305457793,-135.02,75.21,0.17223602002610297,26.63340459395349,-135.02,75.21,0.17223602002610297,0.013247838879028487,-135.02,75.21,0.17223602002610297,0.001429405519315132,-135.02,75.21,0.17223602002610297,9.835070398800126e-07,-135.02,75.21,0.17223602002610297,9.835070398800126e-07,-135.02,75.21,0.17223602002610297,0.0014294061960201366,-135.02,75.21,0.24434389140271495,-0.00025447525447526534,True,False,False
0,0.15953799263802668,0.10348093727775758,-490.44,435.96,0.15953799263802668,0.12664275214771123,-490.44,435.96,0.15953799263802668,0.46330548321834497,-490.44,435.96,0.15953799263802668,0.01163985702367944,-490.44,435.96,0.15953799263802668,78.15024143986078,-490.44,435.96,0.15953799263802668,0.019730414496365454,-490.44,435.96,0.15953799263802668,0.0051815691076936305,-490.44,435.96,0.15953799263802668,3.565195199108486e-06,-490.44,435.96,0.15953799263802668,3.565195199108486e-06,-490.44,435.96,0.15953799263802668,0.005181571560737012,-490.44,435.96,0.1492368569813454,-0.0004818429772558471,True,False,False
0,0.12158344001791528,0.09119749442877079,-275.18,268.56,0.12158344001791528,0.12573728139679288,-275.18,268.56,0.12158344001791528,0.1533572748095582,-275.18,268.56,0.12158344001791528,0.06433167587598816,-275.18,268.56,0.12158344001791528,59.12539184931999,-275.18,268.56,0.12158344001791528,0.027243576908199056,-275.18,268.56,0.12158344001791528,0.006431175150847119,-275.18,268.56,0.12158344001791528,4.424990634281361e-06,-275.18,268.56,0.12158344001791528,4.424990634281361e-06,-275.18,268.56,0.12158344001791528,0.006431178195475361,-275.18,268.56,0.07692307692307693,-0.0007190242190241896,True,False,False
0,0.19392911438719468,0.06253263057677352,-169.59,125.03,0.19392911438719468,0.04240573539580955,-169.59,125.03,0.19392911438719468,0.07820681749587995,-169.59,125.03,0.19392911438719468,0.06335969930131555,-169.59,125.03,0.19392911438719468,21.453996880910335,-169.59,125.03,0.19392911438719468,0.01566276840311316,-169.59,125.03,0.19392911438719468,0.001369166596790429,-169.59,125.03,0.19392911438719468,9.42059456547455e-07,-169.59,125.03,0.19392911438719468,9.42059456547455e-07,-169.59,125.03,0.19392911438719468,0.0013691672449772973,-169.59,125.03,0.04524886877828055,-0.00033352117755785767,True,False,False
0,0.1461912009540236,0.0544790557609398,-20.68,34.29,0.1461912009540236,0.008390172533080595,-20.68,34.29,0.1461912009540236,0.040509279167873766,-20.68,34.29,0.1461912009540236,0.06773336106255486,-20.68,34.29,0.1461912009540236,7.17748604693615,-20.68,34.29,0.1461912009540236,0.019325531787809252,-20.68,34.29,0.1461912009540236,0.00029228406956794415,-20.68,34.29,0.1461912009540236,2.0110698901077687e-07,-20.68,34.29,0.1461912009540236,2.0110698901077687e-07,-20.68,34.29,0.1461912009540236,0.00029228420794021916,-20.68,34.29,0.21707179197286602,-0.0005085995085995376,True,False,False
0,0.08516542992592827,0.21009159270616115,-609.23,514.49,0.08516542992592827,0.3497666486553814,-609.23,514.49,0.08516542992592827,0.7855997224187636,-609.23,514.49,0.08516542992592827,0.2632540822660865,-609.23,514.49,0.08516542992592827,127.626496914768,-609.23,514.49,0.08516542992592827,0.02092224756439476,-609.23,514.49,0.08516542992592827,0.016101708785363798,-609.23,514.49,0.08516542992592827,1.1078832235159325e-05,-609.23,514.49,0.08516542992592827,1.1078832235159325e-05,-609.23,514.49,0.08516542992592827,0.013416741653022328,-609.23,514.49,0.08144796380090498,-0.000397946647946631,True,False,False
0,0.33527238653109337,0.04774252714640446,-522.14,469.3,0.33527238653109337,0.2524134450038182,-522.14,469.3,0.33527238653109337,0.24873134068335356,-522.14,469.3,0.33527238653109337,0.2645168725746147,-522.14,469.3,0.33527238653109337,88.08724649334717,-522.14,469.3,0.33527238653109337,0.0162442615423983,-522.14,469.3,0.33527238653109337,0.0056404896851806425,-522.14,469.3,0.33527238653109337,3.8809569704220115e-06,-522.14,469.3,0.33527238653109337,3.8809569704220115e-06,-522.14,469.3,0.33527238653109337,0.0056404923554848685,-522.14,469.3,0.1492368569813454,-0.0003817144918062246,True,False,False
0,0.015038620442502253,0.21778330746901026,-433.22,272.66,0.015038620442502253,0.024386972434447936,-433.22,272.66,0.015038620442502253,0.0634894339038719,-433.22,272.66,0.015038620442502253,0.2622205248974782,-433.22,272.66,0.015038620442502253,68.19798167450978,-433.22,272.66,0.015038620442502253,0.31806145225685,-433.22,272.66,0.015038620442502253,0.009209230958651584,-433.22,272.66,0.015038620442502253,6.336440819155656e-06,-433.22,272.66,0.015038620442502253,6.336440819155656e-06,-433.22,272.66,0.015038620442502253,0.008274304944429581,-433.22,272.66,0.08597285067873305,-0.004559494559494591,True,False,False
0,0.14335591317266427,0.024942146739955904,-564.61,287.79,0.14335591317266427,0.05369245597152724,-564.61,287.79,0.14335591317266427,0.23169395305845822,-564.61,287.79,0.14335591317266427,0.046053622498282425,-564.61,287.79,0.14335591317266427,104.20073047984249,-564.61,287.79,0.14335591317266427,0.012575721066031482,-564.61,287.79,0.14335591317266427,0.012014211124587905,-564.61,287.79,0.14335591317266427,8.266416394766944e-06,-564.61,287.79,0.14335591317266427,8.266416394766944e-06,-564.61,287.79,0.14335591317266427,0.00937509082988129,-564.61,287.79,0.07687959299039004,0.00013705114622547957,True,False,False
0,0.14453520661763736,0.010279916541542602,-70.01,46.05,0.14453520661763736,0.006224049502967277,-70.01,46.05,0.14453520661763736,0.025321549751494754,-70.01,46.05,0.14453520661763736,0.009765058929335695,-70.01,46.05,0.14453520661763736,27.05781944015201,-70.01,46.05,0.14453520661763736,0.012982979124075414,-70.01,46.05,0.14453520661763736,0.0003906580402989223,-70.01,46.05,0.14453520661763736,2.687935142462634e-07,-70.01,46.05,0.14453520661763736,2.687935142462634e-07,-70.01,46.05,0.14453520661763736,0.0003906582252431152,-70.01,46.05,0.15384615384615385,8.143208143209416e-05,True,False,False
0,0.1526647756741822,0.015785947462345285,-60.34,48.99,0.1526647756741822,0.005844108487826358,-60.34,48.99,0.1526647756741822,0.013744381055082926,-60.34,48.99,0.1526647756741822,0.018800233051733145,-60.34,48.99,0.1526647756741822,23.425434483735735,-60.34,48.99,0.1526647756741822,0.01373178733709248,-60.34,48.99,0.1526647756741822,0.0007538357477394861,-60.34,48.99,0.1526647756741822,5.186790975665353e-07,-60.34,48.99,0.1526647756741822,5.186790975665353e-07,-60.34,48.99,0.1526647756741822,0.0007538361046182143,-60.34,48.99,0.15837104072398192,8.367333137976648e-05,True,False,False
0,0.13091926414276775,0.014653839054674971,-51.38,32.95,0.13091926414276775,0.00374515957073662,-51.38,32.95,0.13091926414276775,0.013559362117595912,-51.38,32.95,0.13091926414276775,0.019469038175361407,-51.38,32.95,0.13091926414276775,21.540100304044614,-51.38,32.95,0.13091926414276775,0.010804803135543996,-51.38,32.95,0.13091926414276775,0.0003484698434711194,-51.38,32.95,0.13091926414276775,2.3976579046927146e-07,-51.38,32.95,0.13091926414276775,2.3976579046927146e-07,-51.38,32.95,0.13091926414276775,0.0003484700084426988,-51.38,32.95,0.16732617297908423,9.512109512110999e-05,True,False,False
0,0.22398923652632277,0.019995633133435248,-274.7,285.66,0.22398923652632277,0.02548890002013257,-274.7,285.66,0.22398923652632277,0.08822036701191228,-274.7,285.66,0.22398923652632277,0.01674853917638033,-274.7,285.66,0.22398923652632277,64.69043152773543,-274.7,285.66,0.22398923652632277,0.01636767626898466,-274.7,285.66,0.22398923652632277,0.010419890252771983,-274.7,285.66,0.22398923652632277,7.16943881907528e-06,-274.7,285.66,0.22398923652632277,7.16943881907528e-06,-274.7,285.66,0.22398923652632277,0.010295544198377565,-274.7,285.66,0.05429864253393665,0.0001824944210265235,True,False,False
0,0.061475143661256906,0.008350301446678738,-94.5,176.13,0.061475143661256906,0.014461891340435844,-94.5,176.13,0.061475143661256906,0.01827234066041377,-94.5,176.13,0.061475143661256906,0.011665827151554896,-94.5,176.13,0.061475143661256906,25.416165112821734,-94.5,176.13,0.061475143661256906,0.017661334421394413,-94.5,176.13,0.061475143661256906,0.001464356039522263,-94.5,176.13,0.061475143661256906,1.0075548571066117e-06,-94.5,176.13,0.061475143661256906,1.0075548571066117e-06,-94.5,176.13,0.061475143661256906,0.0014643567327734413,-94.5,176.13,0.18541548897682306,0.00043857493857492156,True,False,False
0,0.1651661230231988,0.00819898320781327,-43.26,33.03,0.1651661230231988,0.002946118427803391,-43.26,33.03,0.1651661230231988,0.00976878699573603,-43.26,33.03,0.1651661230231988,0.011271097019115271,-43.26,33.03,0.1651661230231988,18.964900806504353,-43.26,33.03,0.1651661230231988,0.013161740194923983,-43.26,33.03,0.1651661230231988,0.00021061129076463582,-43.26,33.03,0.1651661230231988,1.449117723041121e-07,-43.26,33.03,0.1651661230231988,1.449117723041121e-07,-43.26,33.03,0.1651661230231988,0.00021061139047162016,-43.26,33.03,0.16289592760180996,0.00026981944413136263,True,False,False
0,0.13383893656364826,0.012636295913851285,-44.38,33.05,0.13383893656364826,0.0014779423042755341,-44.38,33.05,0.13383893656364826,0.005544369626250253,-44.38,33.05,0.13383893656364826,0.016970833092728177,-44.38,33.05,0.13383893656364826,18.821975156113087,-44.38,33.05,0.13383893656364826,0.01387679856852687,-44.38,33.05,0.13383893656364826,0.00012196874792264249,-44.38,33.05,0.13383893656364826,8.392098715607614e-08,-44.38,33.05,0.13383893656364826,8.392098715607614e-08,-44.38,33.05,0.13383893656364826,0.00012196880566473239,-44.38,33.05,0.16732617297908423,-9.152334152334732e-05,True,False,False
0,0.13580390899715017,0.019353393246774046,-314.52,311.77,0.13580390899715017,0.02584748917968272,-314.52,311.77,0.13580390899715017,0.05194297751454842,-314.52,311.77,0.13580390899715017,0.01550422822855799,-314.52,311.77,0.13580390899715017,96.73209214660645,-314.52,311.77,0.13580390899715017,0.03103503751760231,-314.52,311.77,0.13580390899715017,0.011351076876541194,-314.52,311.77,0.13580390899715017,7.810144754195721e-06,-314.52,311.77,0.13580390899715017,7.810144754195721e-06,-314.52,311.77,0.13580390899715017,0.01125619986352643,-314.52,311.77,0.0904977375565611,-0.0007631584879291243,True,False,False
0,0.15877021122274868,0.028674884652279208,-126.47,135.92,0.15877021122274868,0.02416282115066134,-126.47,135.92,0.15877021122274868,0.08009100487962187,-126.47,135.92,0.15877021122274868,0.030121365288413905,-126.47,135.92,0.15877021122274868,22.58851201006275,-126.47,135.92,0.15877021122274868,0.01537349838393035,-126.47,135.92,0.15877021122274868,0.00916813490786096,-126.47,135.92,0.15877021122274868,6.30816454995305e-06,-126.47,135.92,0.15877021122274868,6.30816454995305e-06,-126.47,135.92,0.15877021122274868,0.009168139248212729,-126.47,135.92,0.17647058823529413,3.5802035802030666e-05,True,False,False
0,0.1364860572471418,0.024851501112079268,-392.05,407.36,0.1364860572471418,0.029003314230813863,-392.05,407.36,0.1364860572471418,0.12252498437460906,-392.05,407.36,0.1364860572471418,0.007684745480507645,-392.05,407.36,0.1364860572471418,101.48427531494221,-392.05,407.36,0.1364860572471418,0.03541956316141413,-392.05,407.36,0.1364860572471418,0.009655365937019806,-392.05,407.36,0.1364860572471418,6.643405418097524e-06,-392.05,407.36,0.1364860572471418,6.643405418097524e-06,-392.05,407.36,0.1364860572471418,0.009633314884074774,-392.05,407.36,0.09044657998869417,-0.0010341951626355154,True,False,False
0,0.16301098064395977,0.0192948981609976,-133.57,95.19,0.16301098064395977,0.010528988088860292,-133.57,95.19,0.16301098064395977,0.02353487565703615,-133.57,95.19,0.16301098064395977,0.016425765779842193,-133.57,95.19,0.16301098064395977,25.020840380378896,-133.57,95.19,0.16301098064395977,0.024305631789970923,-133.57,95.19,0.16301098064395977,0.001173052174050205,-133.57,95.19,0.16301098064395977,8.071223006594399e-07,-133.57,95.19,0.16301098064395977,8.071223006594399e-07,-133.57,95.19,0.16301098064395977,0.001173052729393153,-133.57,95.19,0.11312217194570137,0.0006154791154791108,True,False,False
0,0.14085246649945277,0.01062446423909222,-98.06,60.98,0.14085246649945277,0.010031411931320068,-98.06,60.98,0.14085246649945277,0.01945619431417978,-98.06,60.98,0.14085246649945277,0.0104716728808584,-98.06,60.98,0.14085246649945277,16.041218199640838,-98.06,60.98,0.14085246649945277,0.015146665890658216,-98.06,60.98,0.14085246649945277,0.0005381363549405053,-98.06,60.98,0.14085246649945277,3.702664403821111e-07,-98.06,60.98,0.14085246649945277,3.702664403821111e-07,-98.06,60.98,0.14085246649945277,0.0005381366097034523,-98.06,60.98,0.2035048049745619,-0.00010603430786914993,True,False,False
0,0.15487978381229378,0.014643986470688871,-43.78,32.87,0.15487978381229378,0.0026627516477587617,-43.78,32.87,0.15487978381229378,0.010354935832648635,-43.78,32.87,0.15487978381229378,0.01850305389455264,-43.78,32.87,0.15487978381229378,11.087558351577112,-43.78,32.87,0.15487978381229378,0.015359237495614958,-43.78,32.87,0.15487978381229378,0.00020125790118253925,-43.78,32.87,0.15487978381229378,1.3847614268296768e-07,-43.78,32.87,0.15487978381229378,1.3847614268296768e-07,-43.78,32.87,0.15487978381229378,0.00020125799646146896,-43.78,32.87,0.1990950226244344,-0.0003121270621270752,True,False,False
0,0.15194295334111174,0.00863186465662258,-211.03,266.06,0.15194295334111174,0.005017776437471305,-211.03,266.06,0.15194295334111174,0.01841857767040249,-211.03,266.06,0.15194295334111174,0.01250246496215864,-211.03,266.06,0.15194295334111174,43.491341441209514,-211.03,266.06,0.15194295334111174,0.017214255096065,-211.03,266.06,0.15194295334111174,0.01334945320282038,-211.03,266.06,0.15194295334111174,9.185133977804443e-06,-211.03,266.06,0.15194295334111174,9.185133977804443e-06,-211.03,266.06,0.15194295334111174,0.013349459522679696,-211.03,266.06,0.11764705882352942,-0.00033775894326352313,True,False,False
0,0.1316764218530029,0.016053887176261317,-32.88,32.75,0.1316764218530029,0.0038908948321405533,-32.88,32.75,0.1316764218530029,0.009470406208859108,-32.88,32.75,0.1316764218530029,0.018137627259554926,-32.88,32.75,0.1316764218530029,13.14013965674658,-32.88,32.75,0.1316764218530029,0.04551966176472144,-32.88,32.75,0.1316764218530029,0.00021161232510509271,-32.88,32.75,0.1316764218530029,1.4560053718412513e-07,-32.88,32.75,0.1316764218530029,1.4560053718412513e-07,-32.88,32.75,0.1316764218530029,0.00021161242528598437,-32.88,32.75,0.17184850197851892,-0.0013510003510003121,True,False,False
0,0.1365321210547445,0.012855691077874466,-22.51,32.59,0.1365321210547445,0.0003380677564644973,-22.51,32.59,0.1365321210547445,0.0012856541496974656,-22.51,32.59,0.1365321210547445,0.016286660189600368,-22.51,32.59,0.1365321210547445,9.204843755466738,-22.51,32.59,0.1365321210547445,0.021200860914844976,-22.51,32.59,0.1365321210547445,0.00038962464711946113,-22.51,32.59,0.1365321210547445,2.6808248476356554e-07,-22.51,32.59,0.1365321210547445,2.6808248476356554e-07,-22.51,32.59,0.1365321210547445,0.0003896248315744292,-22.51,32.59,0.18552036199095023,-0.0004770094770095181,True,False,False
0,0.12484340542925469,0.010499607032035459,-23.46,32.55,0.12484340542925469,0.0006244016761433003,-23.46,32.55,0.12484340542925469,0.0027449533031903032,-23.46,32.55,0.12484340542925469,0.013575477826971053,-23.46,32.55,0.12484340542925469,9.271437900611387,-23.46,32.55,0.12484340542925469,0.019103891689546758,-23.46,32.55,0.12484340542925469,0.00020495501064756632,-23.46,32.55,0.12484340542925469,1.4101995067651916e-07,-23.46,32.55,0.12484340542925469,1.4101995067651916e-07,-23.46,32.55,0.12484340542925469,0.00020495510767677203,-23.46,32.55,0.18993781797625775,-0.0003550706669972593,True,False,False
0,0.15035542991816792,0.010152198158898633,-23.45,32.5,0.15035542991816792,0.000512238854526708,-23.45,32.5,0.15035542991816792,0.000692698288271922,-23.45,32.5,0.15035542991816792,0.012827638364102015,-23.45,32.5,0.15035542991816792,9.572769945757035,-23.45,32.5,0.15035542991816792,0.012286650177465292,-23.45,32.5,0.15035542991816792,0.0002902396966400049,-23.45,32.5,0.15035542991816792,1.9970035167826414e-07,-23.45,32.5,0.15035542991816792,1.9970035167826414e-07,-23.45,32.5,0.15035542991816792,0.0002902398340444388,-23.45,32.5,0.1809954751131222,-0.0002385047385047477,True,False,False
0,0.13379383749082654,0.008420616963182538,-30.09,37.29,0.13379383749082654,0.0014099387965661532,-30.09,37.29,0.13379383749082654,0.005517065277883577,-30.09,37.29,0.13379383749082654,0.011328896052737378,-30.09,37.29,0.13379383749082654,10.131153343666007,-30.09,37.29,0.13379383749082654,0.017567814296991353,-30.09,37.29,0.13379383749082654,0.00016325945616037398,-30.09,37.29,0.13379383749082654,1.1233119103782535e-07,-30.09,37.29,0.13379383749082654,1.1233119103782535e-07,-30.09,37.29,0.13379383749082654,0.000163259533450191,-30.09,37.29,0.18541548897682306,-0.0003382999346302263,True,False,False
0,0.15172971739896987,0.008340349888795656,-24.64,32.45,0.15172971739896987,0.00047278294622668076,-24.64,32.45,0.15172971739896987,0.0016603489566367885,-24.64,32.45,0.15172971739896987,0.010678436997936554,-24.64,32.45,0.15172971739896987,9.646813601469317,-24.64,32.45,0.15172971739896987,0.022266654711028094,-24.64,32.45,0.15172971739896987,0.0003453097014680757,-24.64,32.45,0.15172971739896987,2.3759144465556305e-07,-24.64,32.45,0.15172971739896987,2.3759144465556305e-07,-24.64,32.45,0.15172971739896987,0.0003453098649435912,-24.64,32.45,0.19457013574660637,-0.0004949104949105064,True,False,False
0,0.13617133840440465,0.007830288096971734,-21.62,32.41,0.13617133840440465,0.0025613713491007013,-21.62,32.41,0.13617133840440465,0.0062797039471856496,-21.62,32.41,0.13617133840440465,0.008331186278740833,-21.62,32.41,0.13617133840440465,8.399961073884297,-21.62,32.41,0.13617133840440465,0.023146854203197398,-21.62,32.41,0.13617133840440465,0.00034648928087848205,-21.62,32.41,0.13617133840440465,2.3840305804207633e-07,-21.62,32.41,0.13617133840440465,2.3840305804207633e-07,-21.62,32.41,0.13617133840440465,0.00034648944491243064,-21.62,32.41,0.19457013574660637,-0.0005638482519216125,True,False,False
0,0.13071293856071425,0.0051595206058662885,-45.45,32.34,0.13071293856071425,0.0032324435508996473,-45.45,32.34,0.13071293856071425,0.009874366948577684,-45.45,32.34,0.13071293856071425,0.005901868300533173,-45.45,32.34,0.13071293856071425,8.946477182966174,-45.45,32.34,0.13071293856071425,0.014570105134806149,-45.45,32.34,0.13071293856071425,0.0003081393807733451,-45.45,32.34,0.13071293856071425,2.1201628660287773e-07,-45.45,32.34,0.13071293856071425,2.1201628660287773e-07,-45.45,32.34,0.13071293856071425,0.00030813952665179555,-45.45,32.34,0.19898247597512717,-0.0002693927693927721,True,False,False
0,0.14222461364668246,0.010783013639306765,-21.45,32.31,0.14222461364668246,0.010460908257573153,-21.45,32.31,0.14222461364668246,0.03450913150786414,-21.45,32.31,0.14222461364668246,0.00863756179187364,-21.45,32.31,0.14222461364668246,8.140164433044914,-21.45,32.31,0.14222461364668246,0.015168475356082336,-21.45,32.31,0.14222461364668246,0.00020908700561591534,-21.45,32.31,0.14222461364668246,1.4386298303172312e-07,-21.45,32.31,0.14222461364668246,1.4386298303172312e-07,-21.45,32.31,0.14222461364668246,0.00020908710460127808,-21.45,32.31,0.19457013574660637,-0.00036354619840856645,True,False,False
0,0.15089901285324595,0.0034676736401934496,-21.29,32.27,0.15089901285324595,0.0016206653498005716,-21.29,32.27,0.15089901285324595,0.004587939012202508,-21.29,32.27,0.15089901285324595,0.003773796274428903,-21.29,32.27,0.15089901285324595,8.575572447378624,-21.29,32.27,0.15089901285324595,0.017749348260936715,-21.29,32.27,0.15089901285324595,0.0001831478237094942,-21.29,32.27,0.15089901285324595,1.2601544594797337e-07,-21.29,32.27,0.15089901285324595,1.2601544594797337e-07,-21.29,32.27,0.15089901285324595,0.0001831479104148047,-21.29,32.27,0.2035048049745619,-0.00039698139698140486,True,False,False
0,0.11830492962061222,0.005739188309215454,-20.89,32.25,0.11830492962061222,0.0003512248540157001,-20.89,32.25,0.11830492962061222,0.010965990486988285,-20.89,32.25,0.11830492962061222,0.006979040618243716,-20.89,32.25,0.11830492962061222,8.246685399877947,-20.89,32.25,0.11830492962061222,0.021582247066276514,-20.89,32.25,0.11830492962061222,0.0002631424831472567,-20.89,32.25,0.11830492962061222,1.8105602725728512e-07,-20.89,32.25,0.11830492962061222,1.8105602725728512e-07,-20.89,32.25,0.11830492962061222,0.0002631426077234062,-20.89,32.25,0.1990950226244344,-0.00037882920451729943,True,False,False
0,0.15340150313260442,0.00809506552592853,-20.88,32.18,0.15340150313260442,0.00428794894430763,-20.88,32.18,0.15340150313260442,0.006796293685047293,-20.88,32.18,0.15340150313260442,0.006988981594679223,-20.88,32.18,0.15340150313260442,8.797866059854826,-20.88,32.18,0.15340150313260442,0.012884457788191825,-20.88,32.18,0.15340150313260442,0.00011982150320999688,-20.88,32.18,0.15340150313260442,8.244356856303473e-08,-20.88,32.18,0.15340150313260442,8.244356856303473e-08,-20.88,32.18,0.15340150313260442,0.00011982155993554466,-20.88,32.18,0.19446014697569247,-0.00023824148824145512,True,False,False
0,0.13400588683442521,0.005759413368609467,-260.02,185.41,0.13400588683442521,0.0061137936067332055,-260.02,185.41,0.13400588683442521,0.012237393729762314,-260.02,185.41,0.13400588683442521,0.0017933751612225733,-260.02,185.41,0.13400588683442521,46.17257601669584,-260.02,185.41,0.13400588683442521,0.017836725044989673,-260.02,185.41,0.13400588683442521,0.008990121878340201,-260.02,185.41,0.13400588683442521,6.185682115571574e-06,-260.02,185.41,0.13400588683442521,6.185682115571574e-06,-260.02,185.41,0.13400588683442521,0.008778428822727235,-260.02,185.41,0.08144796380090498,-0.0003599395892973883,True,False,False
0,0.08914852608699235,0.00515800888826617,-249.39,143.2,0.08914852608699235,0.004396786086385709,-249.39,143.2,0.08914852608699235,0.015690706175388952,-249.39,143.2,0.08914852608699235,0.005382717449301758,-249.39,143.2,0.08914852608699235,27.45398645761292,-249.39,143.2,0.08914852608699235,0.012054579231478173,-249.39,143.2,0.08914852608699235,0.004668455925914416,-249.39,143.2,0.08914852608699235,3.2121460330629516e-06,-249.39,143.2,0.08914852608699235,3.2121460330629516e-06,-249.39,143.2,0.08914852608699235,0.004637927269256831,-249.39,143.2,0.1085972850678733,-9.16110916110871e-05,True,False,False
0,0.21580358055728313,0.008989452992993826,-241.58,198.84,0.21580358055728313,0.009470617326339695,-241.58,198.84,0.21580358055728313,0.029674392872817285,-241.58,198.84,0.21580358055728313,0.006916007577940831,-241.58,198.84,0.21580358055728313,50.882556428843614,-241.58,198.84,0.21580358055728313,0.03481663894041861,-241.58,198.84,0.21580358055728313,0.007532629908361304,-241.58,198.84,0.21580358055728313,5.182850103470738e-06,-241.58,198.84,0.21580358055728313,5.182850103470738e-06,-241.58,198.84,0.21580358055728313,0.0075257646897722245,-241.58,198.84,0.10853589598643301,-0.0009733336338841087,True,False,False
0,0.11721734368270238,0.003935813599317448,-77.68,87.21,0.11721734368270238,0.010844378297541474,-77.68,87.21,0.11721734368270238,0.012785296938720582,-77.68,87.21,0.11721734368270238,0.0075293402382708915,-77.68,87.21,0.11721734368270238,15.201052607352098,-77.68,87.21,0.11721734368270238,0.02078251654817466,-77.68,87.21,0.11721734368270238,0.001680006935849081,-77.68,87.21,0.11721734368270238,1.155934146138237e-06,-77.68,87.21,0.11721734368270238,1.155934146138237e-06,-77.68,87.21,0.11721734368270238,0.001680007731193079,-77.68,87.21,0.19457013574660637,-0.0005149175149175131,True,False,False
0,0.12862267966364607,0.013058900719123814,-259.35,229.72,0.12862267966364607,0.015196488767448557,-259.35,229.72,0.12862267966364607,0.03540722081499706,-259.35,229.72,0.12862267966364607,0.007917261575575586,-259.35,229.72,0.12862267966364607,39.31141434469,-259.35,229.72,0.12862267966364607,0.016806138193877957,-259.35,229.72,0.12862267966364607,0.004373861226602143,-259.35,229.72,0.12862267966364607,3.0094492078654553e-06,-259.35,229.72,0.12862267966364607,3.0094492078654553e-06,-259.35,229.72,0.12862267966364607,0.004373863297262807,-259.35,229.72,0.1492368569813454,-0.0003130536708518293,True,False,False
0,0.12956047525898584,0.047208706108973146,-467.7,402.31,0.12956047525898584,0.028343961768380898,-467.7,402.31,0.12956047525898584,0.08442520882650906,-467.7,402.31,0.12956047525898584,0.05055064666436856,-467.7,402.31,0.12956047525898584,104.0164576975691,-467.7,402.31,0.12956047525898584,0.02172647249727213,-467.7,402.31,0.12956047525898584,0.0126889943706544,-467.7,402.31,0.12956047525898584,8.73070316568795e-06,-467.7,402.31,0.12956047525898584,8.73070316568795e-06,-467.7,402.31,0.12956047525898584,0.010648449705528196,-467.7,402.31,0.16289592760180996,-0.0005763425763425644,True,False,False
0,0.13872130839590016,0.08965418447463513,-374.68,180.36,0.13872130839590016,0.01749918690791736,-374.68,180.36,0.13872130839590016,0.07138932673291468,-374.68,180.36,0.13872130839590016,0.11822546636929232,-374.68,180.36,0.13872130839590016,65.84427896302303,-374.68,180.36,0.13872130839590016,0.27924816416600273,-374.68,180.36,0.13872130839590016,0.008649548394453775,-374.68,180.36,0.13872130839590016,5.951349440573055e-06,-374.68,180.36,0.13872130839590016,5.951349440573055e-06,-374.68,180.36,0.13872130839590016,0.008649552489297824,-374.68,180.36,0.06787330316742082,-0.006999797128237507,True,False,False
0,0.11898590882229579,0.09778718840821889,-414.1,222.67,0.11898590882229579,0.814795143526107,-414.1,222.67,0.11898590882229579,1.8142047467314804,-414.1,222.67,0.11898590882229579,0.7726519016864142,-414.1,222.67,0.11898590882229579,68.5444023989936,-414.1,222.67,0.11898590882229579,0.036191556303461436,-414.1,222.67,0.11898590882229579,0.013694806290634002,-414.1,222.67,0.11898590882229579,9.422755274573842e-06,-414.1,222.67,0.11898590882229579,9.422755274573842e-06,-414.1,222.67,0.11898590882229579,0.01368197951919884,-414.1,222.67,0.11758055398530243,-0.0010405405405405532,True,False,False
0,0.15590761568193418,0.00694370454176482,-68.57,139.44,0.15590761568193418,0.022610513062541377,-68.57,139.44,0.15590761568193418,0.01681019843941711,-68.57,139.44,0.15590761568193418,0.01648211249002649,-68.57,139.44,0.15590761568193418,25.710689483632798,-68.57,139.44,0.15590761568193418,0.046787904707797215,-68.57,139.44,0.15590761568193418,0.000967868801020084,-68.57,139.44,0.15590761568193418,6.659452245151284e-07,-68.57,139.44,0.15590761568193418,6.659452245151284e-07,-68.57,139.44,0.15590761568193418,0.0009678692592257183,-68.57,139.44,0.16742081447963802,-0.0013978588978589158,True,False,False
0,0.12364271125015709,0.009201814911211111,-114.65,122.2,0.12364271125015709,0.0010539000884582056,-114.65,122.2,0.12364271125015709,0.003391164535604402,-114.65,122.2,0.12364271125015709,0.011520648951633456,-114.65,122.2,0.12364271125015709,24.900617637246754,-114.65,122.2,0.12364271125015709,0.02995589043745513,-114.65,122.2,0.12364271125015709,0.00182296021250101,-114.65,122.2,0.12364271125015709,1.2542936054108233e-06,-114.65,122.2,0.12364271125015709,1.2542936054108233e-06,-114.65,122.2,0.12364271125015709,0.001822961075521533,-114.65,122.2,0.16732617297908423,-0.0008256429907805988,True,False,False
0,0.12488180495038657,0.004033791946350337,-194.93,158.87,0.12488180495038657,0.004344776081188479,-194.93,158.87,0.12488180495038657,0.012136369973113256,-194.93,158.87,0.12488180495038657,0.005141741812610603,-194.93,158.87,0.12488180495038657,32.07874257305903,-194.93,158.87,0.12488180495038657,0.012000595175025972,-194.93,158.87,0.12488180495038657,0.0033008217821926065,-194.93,158.87,0.12488180495038657,2.2711409857513e-06,-194.93,158.87,0.12488180495038657,2.2711409857513e-06,-194.93,158.87,0.12488180495038657,0.003298624236453291,-194.93,158.87,0.11764705882352942,-7.406107406108052e-05,True,False,False
0,0.11113344832314287,0.02852271208901471,-380.67,336.55,0.11113344832314287,0.027812986735587384,-380.67,336.55,0.11113344832314287,0.12122593780099386,-380.67,336.55,0.11113344832314287,0.022199003248996745,-380.67,336.55,0.11113344832314287,71.0922144060062,-380.67,336.55,0.11113344832314287,0.029149940107390984,-380.67,336.55,0.11113344832314287,0.013915975808214104,-380.67,336.55,0.11113344832314287,9.574931668611496e-06,-380.67,336.55,0.11113344832314287,9.574931668611496e-06,-380.67,336.55,0.11113344832314287,0.013575010335149079,-380.67,336.55,0.03165630299604296,0.000795617969929901,True,False,False
0,0.16109357926967366,0.034671558613439145,-147.75,148.0,0.16109357926967366,0.2981149377856869,-147.75,148.0,0.16109357926967366,0.4242226515534396,-147.75,148.0,0.16109357926967366,0.27553034158216066,-147.75,148.0,0.16109357926967366,29.64053957086797,-147.75,148.0,0.16109357926967366,0.02393617571951778,-147.75,148.0,0.16109357926967366,0.009984074958591422,-147.75,148.0,0.16109357926967366,6.869574711848855e-06,-147.75,148.0,0.16109357926967366,6.869574711848855e-06,-147.75,148.0,0.16109357926967366,0.0077430493705031534,-147.75,148.0,0.08144796380090498,-0.0006325026325026248,True,False,False
0,1.7704982006548042,0.051455980121867265,-267.23,405.16,1.7704982006548042,0.018361344746083506,-267.23,405.16,1.7704982006548042,0.06182984809624163,-267.23,405.16,1.7704982006548042,0.053879455679316894,-267.23,405.16,1.7704982006548042,84.43259337767961,-267.23,405.16,1.7704982006548042,0.014878016396712665,-267.23,405.16,1.7704982006548042,0.003936271809895961,-267.23,405.16,1.7704982006548042,2.7083644099602945e-06,-267.23,405.16,1.7704982006548042,2.7083644099602945e-06,-267.23,405.16,1.7704982006548042,0.003936273673394315,-267.23,405.16,0.10401356698699829,-0.0002816761715844362,False,False,True
0,1.7148127976009266,0.04624062506614643,-169.64,283.91,1.7148127976009266,0.02122815858413724,-169.64,283.91,1.7148127976009266,0.08143686439156876,-169.64,283.91,1.7148127976009266,0.050052418837574914,-169.64,283.91,1.7148127976009266,50.953448236247254,-169.64,283.91,1.7148127976009266,0.021718252537994566,-169.64,283.91,1.7148127976009266,0.0027109776085337254,-169.64,283.91,1.7148127976009266,1.8652968152994693e-06,-169.64,283.91,1.7148127976009266,1.8652968152994693e-06,-169.64,283.91,1.7148127976009266,0.0027109788919568623,-169.64,283.91,0.09502262443438915,-0.0005372060372060305,False,False,True
0,1.7498635957438733,0.057119372128948076,-279.7,233.38,1.7498635957438733,0.04340671451114711,-279.7,233.38,1.7498635957438733,0.11262754106519901,-279.7,233.38,1.7498635957438733,0.041509884396431565,-279.7,233.38,1.7498635957438733,52.58921368493033,-279.7,233.38,1.7498635957438733,0.019390719429665696,-279.7,233.38,1.7498635957438733,0.004569591914866367,-279.7,233.38,1.7498635957438733,3.1441223340197876e-06,-279.7,233.38,1.7498635957438733,3.1441223340197876e-06,-279.7,233.38,1.7498635957438733,0.004569594078189284,-279.7,233.38,0.2579185520361991,-0.00041295674323197577,False,False,True
0,1.7159390697248902,0.21029016628908445,-191.15,212.15,1.7159390697248902,0.23794669965147544,-191.15,212.15,1.7159390697248902,0.4169965550623935,-191.15,212.15,1.7159390697248902,0.05191704100659187,-191.15,212.15,1.7159390697248902,46.66842856992881,-191.15,212.15,1.7159390697248902,0.021342036208773597,-191.15,212.15,1.7159390697248902,0.0039524393803582235,-191.15,212.15,1.7159390697248902,2.7194885585329194e-06,-191.15,212.15,1.7159390697248902,2.7194885585329194e-06,-191.15,212.15,1.7159390697248902,0.003952441251510582,-191.15,212.15,0.12662521198417184,-0.0005568620568620742,False,False,True
0,1.7182514172895085,0.2984384539642518,-363.09,283.11,1.7182514172895085,0.3106919146308009,-363.09,283.11,1.7182514172895085,0.6632211460171474,-363.09,283.11,1.7182514172895085,0.09898597748101386,-363.09,283.11,1.7182514172895085,68.71032684931588,-363.09,283.11,1.7182514172895085,0.01718714929252329,-363.09,283.11,1.7182514172895085,0.007308422061717406,-363.09,283.11,1.7182514172895085,5.0285831774018755e-06,-363.09,283.11,1.7182514172895085,5.0285831774018755e-06,-363.09,283.11,1.7182514172895085,0.007308425521649327,-363.09,283.11,0.07239819004524888,-0.00033924183924182,False,False,True
0,1.741172443792543,0.16011123865257768,-279.49,289.16,1.741172443792543,0.3281602268397091,-279.49,289.16,1.741172443792543,0.4240425104595636,-279.49,289.16,1.741172443792543,0.12615113472748044,-279.49,289.16,1.741172443792543,85.1592023289612,-279.49,289.16,1.741172443792543,0.017277511299205822,-279.49,289.16,1.741172443792543,0.00755647275218797,-279.49,289.16,1.741172443792543,5.1992552484330445e-06,-279.49,289.16,1.741172443792543,5.1992552484330445e-06,-279.49,289.16,1.741172443792543,0.007556476329551327,-279.49,289.16,0.09496890898812888,-0.0003927597322092758,False,False,True
0,1.6984777340253674,0.08711902391154647,-239.77,292.37,1.6984777340253674,0.12033668088995683,-239.77,292.37,1.6984777340253674,0.29613278747874405,-239.77,292.37,1.6984777340253674,0.0696739962336633,-239.77,292.37,1.6984777340253674,58.80055954627035,-239.77,292.37,1.6984777340253674,0.01614599410250075,-239.77,292.37,1.6984777340253674,0.004762619498939302,-239.77,292.37,1.6984777340253674,3.2769355806887392e-06,-239.77,292.37,1.6984777340253674,3.2769355806887392e-06,-239.77,292.37,1.6984777340253674,0.004762621753644777,-239.77,292.37,0.12217194570135748,-0.0002802737802737643,False,False,True
0,1.739306487378534,0.18256014146244884,-189.08,165.4,1.739306487378534,0.19195412946218882,-189.08,165.4,1.739306487378534,0.36719400740271063,-189.08,165.4,1.739306487378534,0.07625312125417603,-189.08,165.4,1.739306487378534,36.69601973179942,-189.08,165.4,1.739306487378534,0.01933181337238032,-189.08,165.4,1.739306487378534,0.0003933016514812932,-189.08,165.4,1.739306487378534,2.706124593765539e-07,-189.08,165.4,1.739306487378534,2.706124593765539e-07,-189.08,165.4,1.739306487378534,0.0003933018376770176,-189.08,165.4,0.2035048049745619,-0.00047057232378338654,False,False,True
0,1.7247737149326376,0.07608821994916824,-215.27,209.2,1.7247737149326376,0.10330242424939345,-215.27,209.2,1.7247737149326376,0.26746230579797714,-215.27,209.2,1.7247737149326376,0.026503191964833313,-215.27,209.2,1.7247737149326376,50.00563281256799,-215.27,209.2,1.7247737149326376,0.020524333735893557,-215.27,209.2,1.7247737149326376,0.00395757992777274,-215.27,209.2,1.7247737149326376,2.7230255286248184e-06,-215.27,209.2,1.7247737149326376,2.7230255286248184e-06,-215.27,209.2,1.7247737149326376,0.0039575818013587215,-215.27,209.2,0.09502262443438915,-0.0005513338013338089,False,False,True
0,1.7361691011699727,0.039134066907790664,-234.3,230.29,1.7361691011699727,0.04630727363372336,-234.3,230.29,1.7361691011699727,0.15105985358197155,-234.3,230.29,1.7361691011699727,0.04510421326247473,-234.3,230.29,1.7361691011699727,31.328903249513242,-234.3,230.29,1.7361691011699727,0.025928063229054377,-234.3,230.29,1.7361691011699727,0.0007069437882165407,-234.3,230.29,1.7361691011699727,4.864149348209758e-07,-234.3,230.29,1.7361691011699727,4.864149348209758e-07,-234.3,230.29,1.7361691011699727,0.0007069441228958135,-234.3,230.29,0.23076923076923078,-0.0007429614769063861,False,False,True
0,1.7244655149581587,0.05397613023948415,-264.1,705.55,1.7244655149581587,0.07504909601824875,-264.1,705.55,1.7244655149581587,0.21641376619956154,-264.1,705.55,1.7244655149581587,0.011300541896552036,-264.1,705.55,1.7244655149581587,62.534674993985554,-264.1,705.55,1.7244655149581587,0.018948925153348305,-264.1,705.55,1.7244655149581587,0.0009793255439586861,-264.1,705.55,1.7244655149581587,6.738280731413251e-07,-264.1,705.55,1.7244655149581587,6.738280731413251e-07,-264.1,705.55,1.7244655149581587,0.0009793260075881376,-264.1,705.55,0.09044657998869417,-0.0005163215163215433,False,False,True
0,1.7196190901928716,0.06333584058808762,-74.72,68.59,1.7196190901928716,0.06869591514076809,-74.72,68.59,1.7196190901928716,0.2729383109010806,-74.72,68.59,1.7196190901928716,0.0350203543604776,-74.72,68.59,1.7196190901928716,20.336131304425674,-74.72,68.59,1.7196190901928716,0.021871903558886855,-74.72,68.59,1.7196190901928716,0.002072579729876538,-74.72,68.59,1.7196190901928716,1.4260451128122431e-06,-74.72,68.59,1.7196190901928716,1.4260451128122431e-06,-74.72,68.59,1.7196190901928716,0.002072580711071207,-74.72,68.59,0.1900452488687783,-0.0004804904988391222,False,False,True
0,1.7300812886855088,0.06342330455740526,-439.06,408.67,1.7300812886855088,0.17381869142162637,-439.06,408.67,1.7300812886855088,0.2520991721824962,-439.06,408.67,1.7300812886855088,0.1228782518995021,-439.06,408.67,1.7300812886855088,69.91405318399023,-439.06,408.67,1.7300812886855088,0.026355624509156513,-439.06,408.67,1.7300812886855088,0.009837228487071047,-439.06,408.67,1.7300812886855088,6.768536527393663e-06,-439.06,408.67,1.7300812886855088,6.768536527393663e-06,-439.06,408.67,1.7300812886855088,0.00942401160387239,-439.06,408.67,0.14471452798191067,-0.0007093717093717439,False,False,True
0,1.731712441831927,0.05109224120658186,-34.64,34.69,1.731712441831927,0.06230635985655832,-34.64,34.69,1.731712441831927,0.19253267252294806,-34.64,34.69,1.731712441831927,0.02293987124938003,-34.64,34.69,1.731712441831927,12.11220606042053,-34.64,34.69,1.731712441831927,0.022628877915231205,-34.64,34.69,1.731712441831927,0.0002362825021573184,-34.64,34.69,1.731712441831927,1.6257493141871242e-07,-34.64,34.69,1.731712441831927,1.6257493141871242e-07,-34.64,34.69,1.731712441831927,0.00023628261401749412,-34.64,34.69,0.1809954751131222,-0.0005016793273673961,False,False,True
0,1.7274304617297875,0.048289582541330416,-440.19,349.18,1.7274304617297875,0.1353001151274329,-440.19,349.18,1.7274304617297875,0.3395237059383888,-440.19,349.18,1.7274304617297875,0.09223779028657886,-440.19,349.18,1.7274304617297875,87.30690435524147,-440.19,349.18,1.7274304617297875,0.04008593965761461,-440.19,349.18,1.7274304617297875,0.0017887812532756963,-440.19,349.18,1.7274304617297875,1.2307766631857968e-06,-440.19,349.18,1.7274304617297875,1.2307766631857968e-06,-440.19,349.18,1.7274304617297875,0.0017887821001153158,-440.19,349.18,0.09496890898812888,-0.0011786591786591884,False,False,True
0,1.7362181677308564,0.042005189954968984,-376.22,598.47,1.7362181677308564,0.04268055788479266,-376.22,598.47,1.7362181677308564,0.13952513120008705,-376.22,598.47,1.7362181677308564,0.042654561203931435,-376.22,598.47,1.7362181677308564,75.27487509652236,-376.22,598.47,1.7362181677308564,0.023107545903577803,-376.22,598.47,1.7362181677308564,0.0031904173875636817,-376.22,598.47,1.7362181677308564,2.195176888870477e-06,-376.22,598.47,1.7362181677308564,2.195176888870477e-06,-376.22,598.47,1.7362181677308564,0.0031904188979618043,-376.22,598.47,0.14932126696832582,-0.0004504203953745321,False,False,True
0,1.7164734851288532,0.05172133336349809,-96.21,73.8,1.7164734851288532,0.010576376595323957,-96.21,73.8,1.7164734851288532,0.041599535174642085,-96.21,73.8,1.7164734851288532,0.0609484875322137,-96.21,73.8,1.7164734851288532,21.49024203560107,-96.21,73.8,1.7164734851288532,0.0190015356130208,-96.21,73.8,1.7164734851288532,0.00015849700554230705,-96.21,73.8,1.7164734851288532,1.0905437165616093e-07,-96.21,73.8,1.7164734851288532,1.0905437165616093e-07,-96.21,73.8,1.7164734851288532,0.00015849708057749895,-96.21,73.8,0.26696832579185525,-0.00047077922077916844,False,False,True
0,1.7273432048705137,0.03999133748292309,-95.81,70.22,1.7273432048705137,0.005434195056078768,-95.81,70.22,1.7273432048705137,0.019533453446930485,-95.81,70.22,1.7273432048705137,0.0499585866241146,-95.81,70.22,1.7273432048705137,20.86950557685206,-95.81,70.22,1.7273432048705137,0.015255401427929152,-95.81,70.22,1.7273432048705137,0.0001185978836362256,-95.81,70.22,1.7273432048705137,8.160165320124455e-08,-95.81,70.22,1.7273432048705137,8.160165320124455e-08,-95.81,70.22,1.7273432048705137,0.00011859793978249113,-95.81,70.22,0.21707179197286602,-0.00023370827040550542,False,False,True
0,1.7304200652915476,0.04754121493252744,-43.71,33.13,1.7304200652915476,0.006898263014301542,-43.71,33.13,1.7304200652915476,0.028232571891282275,-43.71,33.13,1.7304200652915476,0.06330617654836086,-43.71,33.13,1.7304200652915476,14.423169284412815,-43.71,33.13,1.7304200652915476,0.014818655996362019,-43.71,33.13,1.7304200652915476,7.64321078213911e-05,-43.71,33.13,1.7304200652915476,5.258935627394456e-08,-43.71,33.13,1.7304200652915476,5.258935627394456e-08,-43.71,33.13,1.7304200652915476,7.643214400565753e-05,-43.71,33.13,0.23076923076923078,-0.000206739206739203,False,False,True
0,1.6830327035592396,0.02939674368930719,-312.81,408.07,1.6830327035592396,0.01617224343153446,-312.81,408.07,1.6830327035592396,0.051368043441664485,-312.81,408.07,1.6830327035592396,0.04084583251957745,-312.81,408.07,1.6830327035592396,68.42574250526599,-312.81,408.07,1.6830327035592396,0.016339375955389614,-312.81,408.07,1.6830327035592396,0.002325078187454778,-312.81,408.07,1.6830327035592396,1.599777484229157e-06,-312.81,408.07,1.6830327035592396,1.599777484229157e-06,-312.81,408.07,1.6830327035592396,0.0023250792881865335,-312.81,408.07,0.13566986998304126,-0.00028798773752903575,False,False,True
0,1.7201391791395613,0.03853052893511686,-220.3,140.09,1.7201391791395613,0.009847681486810544,-220.3,140.09,1.7201391791395613,0.03762695723759085,-220.3,140.09,1.7201391791395613,0.04429151200165069,-220.3,140.09,1.7201391791395613,37.91993406182502,-220.3,140.09,1.7201391791395613,0.013497888865102795,-220.3,140.09,1.7201391791395613,0.0002941952902405771,-220.3,140.09,1.7201391791395613,2.0242201050810504e-07,-220.3,140.09,1.7201391791395613,2.0242201050810504e-07,-220.3,140.09,1.7201391791395613,0.0002941954295176562,-220.3,140.09,0.16289592760180996,-0.0001969111969112233,False,False,True
0,1.726332300563275,0.033090216479279407,-136.98,169.51,1.726332300563275,0.005275964575741734,-136.98,169.51,1.726332300563275,0.02628650932442662,-136.98,169.51,1.726332300563275,0.04270373134893755,-136.98,169.51,1.726332300563275,37.27701038946617,-136.98,169.51,1.726332300563275,0.015615207675333084,-136.98,169.51,1.726332300563275,0.00024965574419931024,-136.98,169.51,1.726332300563275,1.717764333834034e-07,-136.98,169.51,1.726332300563275,1.717764333834034e-07,-136.98,169.51,1.726332300563275,0.0002496558623906073,-136.98,169.51,0.05882352941176471,-0.0003253161418298809,False,False,True
0,1.71344507808491,0.02931061666289401,-232.21,126.82,1.71344507808491,0.002925037354561866,-232.21,126.82,1.71344507808491,0.012515279144793223,-232.21,126.82,1.71344507808491,0.03735965668588093,-232.21,126.82,1.71344507808491,29.214699802451445,-232.21,126.82,1.71344507808491,0.016916318674971637,-232.21,126.82,1.71344507808491,0.0003232350627428634,-232.21,126.82,1.71344507808491,2.2240291886936323e-07,-232.21,126.82,1.71344507808491,2.2240291886936323e-07,-232.21,126.82,1.71344507808491,0.0003232352157678677,-232.21,126.82,0.2125494629734313,-0.00032090207090206604,False,False,True
0,1.7001211684014612,0.027428466081842795,-208.19,115.8,1.7001211684014612,0.004488214797984208,-208.19,115.8,1.7001211684014612,0.01885169947888255,-208.19,115.8,1.7001211684014612,0.03749589219594457,-208.19,115.8,1.7001211684014612,33.1696963356904,-208.19,115.8,1.7001211684014612,0.013448492221216315,-208.19,115.8,1.7001211684014612,0.00037941775131331896,-208.19,115.8,1.7001211684014612,2.610595974548105e-07,-208.19,115.8,1.7001211684014612,2.610595974548105e-07,-208.19,115.8,1.7001211684014612,0.0003794179309361683,-208.19,115.8,0.16289592760180996,-0.00017356967356968927,False,False,True
0,1.726089229457966,0.020613131284138508,-191.43,204.43,1.726089229457966,0.0227799643223284,-191.43,204.43,1.726089229457966,0.06835043614652477,-191.43,204.43,1.726089229457966,0.01087496813981815,-191.43,204.43,1.726089229457966,41.23520518346861,-191.43,204.43,1.726089229457966,0.014205109079726068,-191.43,204.43,1.726089229457966,0.001828125193547318,-191.43,204.43,1.726089229457966,1.2578473871412342e-06,-191.43,204.43,1.726089229457966,1.2578473871412342e-06,-191.43,204.43,1.726089229457966,0.0018281260590130315,-191.43,204.43,0.19446014697569247,-0.0001478709735590539,False,False,True
0,1.7304862440120112,0.017067437313499488,-350.3,287.53,1.7304862440120112,0.006673766800474641,-350.3,287.53,1.7304862440120112,0.019212982087649703,-350.3,287.53,1.7304862440120112,0.017595390102138304,-350.3,287.53,1.7304862440120112,54.76684004777516,-350.3,287.53,1.7304862440120112,0.015549873160643957,-350.3,287.53,1.7304862440120112,0.001120661448601328,-350.3,287.53,1.7304862440120112,7.710746944293482e-07,-350.3,287.53,1.7304862440120112,7.710746944293482e-07,-350.3,287.53,1.7304862440120112,0.0011206619791416129,-350.3,287.53,0.13122171945701358,-0.00017409617409618757,False,False,True
0,0.9974236097019165,0.051589383537436674,-247.22,201.16,0.9974236097019165,0.08426356849742203,-247.22,201.16,0.9974236097019165,0.30141311103264906,-247.22,201.16,0.9974236097019165,0.0804597474877966,-247.22,201.16,0.9974236097019165,64.53913677499827,-247.22,201.16,0.9974236097019165,0.027628587422725975,-247.22,201.16,0.9974236097019165,0.006492857473294145,-247.22,201.16,0.9974236097019165,4.467431353547552e-06,-247.22,201.16,0.9974236097019165,4.467431353547552e-06,-247.22,201.16,0.9974236097019165,0.006492860547123849,-247.22,201.16,0.17637083097795364,0.0007017559678110184,False,True,False
0,0.9156523381941147,0.01805891008197511,-264.71,272.99,0.9156523381941147,0.06601035911564647,-264.71,272.99,0.9156523381941147,0.05540087525495477,-264.71,272.99,0.9156523381941147,0.043356171510530984,-264.71,272.99,0.9156523381941147,70.16588354246778,-264.71,272.99,0.9156523381941147,0.012352530811532961,-264.71,272.99,0.9156523381941147,0.006863077260737745,-264.71,272.99,0.9156523381941147,4.722162262539789e-06,-264.71,272.99,0.9156523381941147,4.722162262539789e-06,-264.71,272.99,0.9156523381941147,0.006863080509835826,-264.71,272.99,0.10407239819004525,7.020007020008129e-05,False,True,False
0,0.9225085924252501,0.0026854910341178517,-168.85,106.85,0.9225085924252501,0.0019928783956164793,-168.85,106.85,0.9225085924252501,0.007489006678509706,-168.85,106.85,0.9225085924252501,0.0005048879606462669,-168.85,106.85,0.9225085924252501,29.943589218271754,-168.85,106.85,0.9225085924252501,0.009804517376874159,-168.85,106.85,0.9225085924252501,0.001949826294321822,-168.85,106.85,0.9225085924252501,1.3415842188208964e-06,-168.85,106.85,0.9225085924252501,1.3415842188208964e-06,-168.85,106.85,0.9225085924252501,0.001949827217402916,-168.85,106.85,0.09949123798756358,0.0001504036504036777,False,True,False
0,0.9038513812588195,0.004411241653553607,-324.07,474.78,0.9038513812588195,0.005239365850519333,-324.07,474.78,0.9038513812588195,0.014717664129232526,-324.07,474.78,0.9038513812588195,0.0012055947750342951,-324.07,474.78,0.9038513812588195,68.42397973957351,-324.07,474.78,0.9038513812588195,0.007649339624714649,-324.07,474.78,0.9038513812588195,0.00441566974297711,-324.07,474.78,0.9038513812588195,3.0382156912923698e-06,-324.07,474.78,0.9038513812588195,3.0382156912923698e-06,-324.07,474.78,0.9038513812588195,0.004415671833430639,-324.07,474.78,0.0904977375565611,-3.6066091111964724e-05,False,True,False
0,0.9579134993667187,0.0015736652542786712,-228.88,192.97,0.9579134993667187,0.0011987288037581727,-228.88,192.97,0.9579134993667187,0.003569814645812851,-228.88,192.97,0.9579134993667187,0.0016636302675120877,-228.88,192.97,0.9579134993667187,44.793320509857324,-228.88,192.97,0.9579134993667187,0.01246242628164956,-228.88,192.97,0.9579134993667187,0.0043598609501091295,-228.88,192.97,0.9579134993667187,2.999816272841011e-06,-228.88,192.97,0.9579134993667187,2.999816272841011e-06,-228.88,192.97,0.9579134993667187,0.004359863014141823,-228.88,192.97,0.1085972850678733,-0.0001656721656721494,False,True,False
0,0.8893244032020088,0.001414883218878013,-32.81,33.34,0.8893244032020088,0.0002680513090674542,-32.81,33.34,0.8893244032020088,0.0007638982444882046,-32.81,33.34,0.8893244032020088,0.0010550144615776914,-32.81,33.34,0.8893244032020088,12.938469704782332,-32.81,33.34,0.8893244032020088,0.009885292522957504,-32.81,33.34,0.8893244032020088,2.3128640461655196e-05,-32.81,33.34,0.8893244032020088,1.591373505245059e-08,-32.81,33.34,0.8893244032020088,1.591373505245059e-08,-32.81,33.34,0.8893244032020088,2.3128651411148848e-05,-32.81,33.34,0.20802713397399658,-1.803304555595571e-05,False,True,False
0,0.9038620417064538,0.0074407623770394215,-164.54,106.42,0.9038620417064538,0.007947275070164959,-164.54,106.42,0.9038620417064538,0.03151959082647511,-164.54,106.42,0.9038620417064538,0.0027082447539139454,-164.54,106.42,0.9038620417064538,26.189409112632216,-164.54,106.42,0.9038620417064538,0.010170209579581856,-164.54,106.42,0.9038620417064538,0.0007571119092018052,-164.54,106.42,0.9038620417064538,5.209332709403159e-07,-164.54,106.42,0.9038620417064538,5.209332709403159e-07,-164.54,106.42,0.9038620417064538,0.0007571122676315236,-164.54,106.42,0.2171945701357466,6.212706212705949e-05,False,True,False
0,0.932485030719048,0.005234494418300461,-129.29,218.67,0.932485030719048,0.002568424299775249,-129.29,218.67,0.932485030719048,0.00925809643507165,-129.29,218.67,0.932485030719048,0.006961750798488785,-129.29,218.67,0.932485030719048,30.477081248415196,-129.29,218.67,0.932485030719048,0.02083306335913079,-129.29,218.67,0.932485030719048,0.001026689305663912,-129.29,218.67,0.932485030719048,7.064168608875819e-07,-129.29,218.67,0.932485030719048,7.064168608875819e-07,-129.29,218.67,0.932485030719048,0.001026689791716179,-129.29,218.67,0.10401356698699829,0.00048644140387257205,False,True,False
0,0.9081544329333255,0.0041025393840704895,-182.76,136.49,0.9081544329333255,0.00018635484866259382,-182.76,136.49,0.9081544329333255,0.00041755660521797635,-182.76,136.49,0.9081544329333255,0.004715813699011324,-182.76,136.49,0.9081544329333255,22.080816596853694,-182.76,136.49,0.9081544329333255,0.011820698714850641,-182.76,136.49,0.9081544329333255,0.00044952461812796854,-182.76,136.49,0.9081544329333255,3.092968514211827e-07,-182.76,136.49,0.9081544329333255,3.092968514211827e-07,-182.76,136.49,0.9081544329333255,0.0004495248309406085,-182.76,136.49,0.1990950226244344,0.00011793611793611441,False,True,False
0,0.9337595282927359,0.002501969269814976,-223.24,370.41,0.9337595282927359,0.001984257118563086,-223.24,370.41,0.9337595282927359,0.00546442115801621,-223.24,370.41,0.9337595282927359,0.00013561078652106218,-223.24,370.41,0.9337595282927359,48.308339021421425,-223.24,370.41,0.9337595282927359,0.01518590037659728,-223.24,370.41,0.9337595282927359,0.004514288962231212,-223.24,370.41,0.9337595282927359,3.1060709605586812e-06,-223.24,370.41,0.9337595282927359,3.1060709605586812e-06,-223.24,370.41,0.9337595282927359,0.004514291099372766,-223.24,370.41,0.0995475113122172,0.00020341275387146716,False,True,False
0,0.9289071300295283,0.0019988225626998628,-165.69,193.8,0.9289071300295283,9.251722808598689e-05,-165.69,193.8,0.9289071300295283,0.00036427472555953144,-165.69,193.8,0.9289071300295283,0.002553496581910922,-165.69,193.8,0.9289071300295283,20.928874382715975,-165.69,193.8,0.9289071300295283,0.012054579231480619,-165.69,193.8,0.9289071300295283,0.0014880805987029897,-165.69,193.8,0.9289071300295283,1.0238786159399163e-06,-165.69,193.8,0.9289071300295283,1.0238786159399163e-06,-165.69,193.8,0.9289071300295283,0.0014880813031857797,-165.69,193.8,0.2125494629734313,0.0001779571779571944,False,True,False
0,0.9625423825713033,0.006605196352062712,-344.41,287.78,0.9625423825713033,0.00612018908930942,-344.41,287.78,0.9625423825713033,0.02028468610067418,-344.41,287.78,0.9625423825713033,0.0038407994791862395,-344.41,287.78,0.9625423825713033,71.74353771962276,-344.41,287.78,0.9625423825713033,0.01794481899952376,-344.41,287.78,0.9625423825713033,0.006375673116225859,-344.41,287.78,0.9625423825713033,4.386802281822901e-06,-344.41,287.78,0.9625423825713033,4.386802281822901e-06,-344.41,287.78,0.9625423825713033,0.006375676134578487,-344.41,287.78,0.12217194570135748,0.0002810450149899833,False,True,False
0,0.8642794906997465,0.003550419006661277,-202.55,223.44,0.8642794906997465,0.005305977169689442,-202.55,223.44,0.8642794906997465,0.013237341739526912,-202.55,223.44,0.8642794906997465,0.0034420457531284102,-202.55,223.44,0.8642794906997465,50.15265885148651,-202.55,223.44,0.8642794906997465,0.03479670689606617,-202.55,223.44,0.8642794906997465,0.0038587375958323814,-202.55,223.44,0.8642794906997465,2.6550167459610466e-06,-202.55,223.44,0.8642794906997465,2.6550167459610466e-06,-202.55,223.44,0.8642794906997465,0.003858739422624714,-202.55,223.44,0.1582815149802148,0.0009775359775359464,False,True,False
0,1.0420860036498016,0.0015477107374707972,-68.67,227.87,1.0420860036498016,0.0004987137384921069,-68.67,227.87,1.0420860036498016,0.0032089803122345596,-68.67,227.87,1.0420860036498016,0.0010026085390792054,-68.67,227.87,1.0420860036498016,21.66524617458626,-68.67,227.87,1.0420860036498016,0.012565201849580243,-68.67,227.87,1.0420860036498016,0.0020178151102859397,-68.67,227.87,1.0420860036498016,1.3883641411244386e-06,-68.67,227.87,1.0420860036498016,1.3883641411244386e-06,-68.67,227.87,1.0420860036498016,0.0020178160655541016,-68.67,227.87,0.22624434389140274,5.2656493023478595e-05,False,True,False
0,0.7897203459697186,0.008919520864692634,-164.72,164.03,0.7897203459697186,0.00538425625863158,-164.72,164.03,0.7897203459697186,0.021106091020326987,-164.72,164.03,0.7897203459697186,0.010883964947690974,-164.72,164.03,0.7897203459697186,31.310393787831927,-164.72,164.03,0.7897203459697186,0.033581254795595414,-164.72,164.03,0.7897203459697186,0.018365165251171347,-164.72,164.03,0.7897203459697186,1.2636210696696437e-05,-164.72,164.03,0.7897203459697186,1.2636210696696437e-05,-164.72,164.03,0.7897203459697186,0.016334312849807225,-164.72,164.03,0.08592425098925946,0.0009083889083889461,False,True,False
0,0.9429962911365944,0.008455626758757957,-310.99,231.55,0.9429962911365944,0.005318402851018043,-310.99,231.55,0.9429962911365944,0.013529941997535403,-310.99,231.55,0.9429962911365944,0.009474068605439276,-310.99,231.55,0.9429962911365944,69.60678884811328,-310.99,231.55,0.9429962911365944,0.02445589722522855,-310.99,231.55,0.9429962911365944,0.018659280875066533,-310.99,231.55,0.9429962911365944,1.2838577892520764e-05,-310.99,231.55,0.9429962911365944,1.2838577892520764e-05,-310.99,231.55,0.9429962911365944,0.016650952180772546,-310.99,231.55,0.07692307692307693,0.0004508712215134325,False,True,False
0,0.8899889248904964,0.0019863573990991303,-36.21,33.66,0.8899889248904964,0.0011387330133734422,-36.21,33.66,0.8899889248904964,0.0010840594672274868,-36.21,33.66,0.8899889248904964,0.003050791260997085,-36.21,33.66,0.8899889248904964,13.020075981580586,-36.21,33.66,0.8899889248904964,0.023673988997468826,-36.21,33.66,0.8899889248904964,0.0003295195328805149,-36.21,33.66,0.8899889248904964,2.2672696865004313e-07,-36.21,33.66,0.8899889248904964,2.2672696865004313e-07,-36.21,33.66,0.8899889248904964,0.00032951968888069144,-36.21,33.66,0.2081447963800905,-0.0006480343980343609,False,True,False
0,0.9039154886045497,0.0015169118154335392,-162.68,185.23,0.9039154886045497,0.0009767483590223743,-162.68,185.23,0.9039154886045497,0.0028892044139500177,-162.68,185.23,0.9039154886045497,0.0011260446541762276,-162.68,185.23,0.9039154886045497,24.513440869194728,-162.68,185.23,0.9039154886045497,0.015142300228115933,-162.68,185.23,0.9039154886045497,0.003528190383473922,-162.68,185.23,0.9039154886045497,2.4275826791589117e-06,-162.68,185.23,0.9039154886045497,2.4275826791589117e-06,-162.68,185.23,0.9039154886045497,0.003528192053779554,-162.68,185.23,0.23063877897117013,-0.0003137749926741112,False,True,False
0,0.9849082300851396,0.004129021786392889,-236.6,317.07,0.9849082300851396,0.0019641263142223344,-236.6,317.07,0.9849082300851396,0.009009376668551745,-236.6,317.07,0.9849082300851396,0.002567111161118084,-236.6,317.07,0.9849082300851396,82.52698522909289,-236.6,317.07,0.9849082300851396,0.028921023750967348,-236.6,317.07,0.9849082300851396,0.00800476277268718,-236.6,317.07,0.9849082300851396,5.507702631006588e-06,-236.6,317.07,0.9849082300851396,5.507702631006588e-06,-236.6,317.07,0.9849082300851396,0.008004766562278696,-236.6,317.07,0.0904977375565611,0.0008223938223938341,False,True,False
0,0.884683583118413,0.0029297639979550105,-233.45,115.37,0.884683583118413,0.0016620144322992828,-233.45,115.37,0.884683583118413,0.004953424896608396,-233.45,115.37,0.884683583118413,0.0018509306228552227,-233.45,115.37,0.884683583118413,36.81164099292586,-233.45,115.37,0.884683583118413,0.010387532259696623,-233.45,115.37,0.884683583118413,0.0044930688176324325,-233.45,115.37,0.884683583118413,3.09147037218949e-06,-233.45,115.37,0.884683583118413,3.09147037218949e-06,-233.45,115.37,0.884683583118413,0.004493070944728008,-233.45,115.37,0.12662521198417184,-0.0001457070080923002,False,True,False
0,0.9269756669358791,0.007814259992033433,-282.75,348.22,0.9269756669358791,0.011796618440827456,-282.75,348.22,0.9269756669358791,0.03330974321578678,-282.75,348.22,0.9269756669358791,0.014642642543125192,-282.75,348.22,0.9269756669358791,69.74385191075473,-282.75,348.22,0.9269756669358791,0.01933560854096745,-282.75,348.22,0.9269756669358791,0.007693980010080756,-282.75,348.22,0.9269756669358791,5.293867557077934e-06,-282.75,348.22,0.9269756669358791,5.293867557077934e-06,-282.75,348.22,0.9269756669358791,0.007693983652542402,-282.75,348.22,0.17647058823529413,0.00013302913302913947,False,True,False
0,0.9094663864810022,0.00508440915475804,-114.63,168.3,0.9094663864810022,0.004016591921318034,-114.63,168.3,0.9094663864810022,0.012084786140702674,-114.63,168.3,0.9094663864810022,0.00845078694604327,-114.63,168.3,0.9094663864810022,35.60981318537812,-114.63,168.3,0.9094663864810022,0.008923922520388514,-114.63,168.3,0.9094663864810022,0.0052635649945347385,-114.63,168.3,0.9094663864810022,3.6216127313341014e-06,-114.63,168.3,0.9094663864810022,3.6216127313341014e-06,-114.63,168.3,0.9094663864810022,0.005263567486396372,-114.63,168.3,0.13114754098360654,1.948051948051685e-05,False,True,False
0,0.9232048615804065,0.004595916324035288,-222.28,281.11,0.9232048615804065,0.0029774857308067465,-222.28,281.11,0.9232048615804065,0.012642138398375398,-222.28,281.11,0.9232048615804065,0.004110203377992968,-222.28,281.11,0.9232048615804065,43.16999211308896,-222.28,281.11,0.9232048615804065,0.019292442745994235,-222.28,281.11,0.9232048615804065,0.002929013518655576,-222.28,281.11,0.9232048615804065,2.0153171207018365e-06,-222.28,281.11,0.9232048615804065,2.0153171207018365e-06,-222.28,281.11,0.9232048615804065,0.0029290149053006385,-222.28,281.11,0.1900452488687783,0.0004887856997948993,False,True,False
0,0.9375286232174288,0.004371229144173579,-284.51,260.64,0.9375286232174288,0.0029154405934836533,-284.51,260.64,0.9375286232174288,0.01268128655260546,-284.51,260.64,0.9375286232174288,0.005310684661482737,-284.51,260.64,0.9375286232174288,80.30606529107386,-284.51,260.64,0.9375286232174288,0.03446578873747204,-284.51,260.64,0.9375286232174288,0.007857105101357635,-284.51,260.64,0.9375286232174288,5.4061062979278705e-06,-284.51,260.64,0.9375286232174288,5.4061062979278705e-06,-284.51,260.64,0.9375286232174288,0.007852026946435399,-284.51,260.64,0.06787330316742082,0.0009512109512109643,False,True,False
0,0.9192271129213441,0.011194639854407358,-227.12,171.74,0.9192271129213441,0.008480595841606564,-227.12,171.74,0.9192271129213441,0.029920060803865053,-227.12,171.74,0.9192271129213441,0.005735978735791462,-227.12,171.74,0.9192271129213441,51.37705613803637,-227.12,171.74,0.9192271129213441,0.03651513894127681,-227.12,171.74,0.9192271129213441,0.01741124202316871,-227.12,171.74,0.9192271129213441,1.1979860768304409e-05,-227.12,171.74,0.9192271129213441,1.1979860768304409e-05,-227.12,171.74,0.9192271129213441,0.010032775240600556,-227.12,171.74,0.04974561899378179,0.0010354574758244237,False,True,False
0,0.8948687032555909,0.0016998959936135964,-146.65,44.68,0.8948687032555909,0.001963791855662655,-146.65,44.68,0.8948687032555909,0.005793182526855933,-146.65,44.68,0.8948687032555909,0.002259967364333274,-146.65,44.68,0.8948687032555909,16.593968199493993,-146.65,44.68,0.8948687032555909,0.016684431730029405,-146.65,44.68,0.8948687032555909,0.002821287896992529,-146.65,44.68,0.8948687032555909,1.941196162128919e-06,-146.65,44.68,0.8948687032555909,1.941196162128919e-06,-146.65,44.68,0.8948687032555909,0.002821289232638441,-146.65,44.68,0.04072398190045249,0.00011890136890136001,False,True,False
0,0.914317930815843,0.00857919940647076,-315.91,325.08,0.914317930815843,0.017081367877167387,-315.91,325.08,0.914317930815843,0.04912313256748533,-315.91,325.08,0.914317930815843,0.014476860535027678,-315.91,325.08,0.914317930815843,76.04379442692878,-315.91,325.08,0.914317930815843,0.013080804180805644,-315.91,325.08,0.914317930815843,0.008976195118991148,-315.91,325.08,0.914317930815843,6.176099764253194e-06,-315.91,325.08,0.914317930815843,6.176099764253194e-06,-315.91,325.08,0.914317930815843,0.00897619936847534,-315.91,325.08,0.07235726399095534,0.00014570700809235195,False,True,False
0,0.9363712323832725,0.002817421332401655,-251.39,284.7,0.9363712323832725,0.0012676870008563582,-251.39,284.7,0.9363712323832725,0.009279391039373608,-251.39,284.7,0.9363712323832725,0.0024415902373505164,-251.39,284.7,0.9363712323832725,63.544635738678366,-251.39,284.7,0.9363712323832725,0.024487275342118964,-251.39,284.7,0.9363712323832725,0.005994801265055438,-251.39,284.7,0.9363712323832725,4.124742186310105e-06,-251.39,284.7,0.9363712323832725,4.124742186310105e-06,-251.39,284.7,0.9363712323832725,0.005994804103096821,-251.39,284.7,0.15837104072398192,0.0005533520533520766,False,True,False
0,0.8379545915702492,0.005103949349867766,-319.3,236.58,0.8379545915702492,0.006238165871807685,-319.3,236.58,0.8379545915702492,0.01822722527081448,-319.3,236.58,0.8379545915702492,0.003353991686880859,-319.3,236.58,0.8379545915702492,77.91909377734304,-319.3,236.58,0.8379545915702492,0.01317899656321501,-319.3,236.58,0.8379545915702492,0.0064596924673503,-319.3,236.58,0.8379545915702492,4.444612065121226e-06,-319.3,236.58,0.8379545915702492,4.444612065121226e-06,-319.3,236.58,0.8379545915702492,0.006459695525479124,-319.3,236.58,0.07239819004524888,5.445979757905049e-05,False,True,False
0,0.9780893452182591,0.00212187582339717,-163.91,156.13,0.9780893452182591,0.0029012263619646365,-163.91,156.13,0.9780893452182591,0.00039886989652392096,-163.91,156.13,0.9780893452182591,0.004436344228361619,-163.91,156.13,0.9780893452182591,26.155264427479466,-163.91,156.13,0.9780893452182591,0.016805122489038486,-163.91,156.13,0.9780893452182591,0.0009855118359371339,-163.91,156.13,0.9780893452182591,6.780845711255162e-07,-163.91,156.13,0.9780893452182591,6.780845711255162e-07,-163.91,156.13,0.9780893452182591,0.0009855123024952814,-163.91,156.13,0.19898247597512717,-0.00020235170235168365,False,True,False
0,0.9496016627285354,0.014717689931022996,-321.73,259.9,0.9496016627285354,0.010021672228299259,-321.73,259.9,0.9496016627285354,0.02500237377578613,-321.73,259.9,0.9496016627285354,0.02035284366410284,-321.73,259.9,0.9496016627285354,57.958511360183955,-321.73,259.9,0.9496016627285354,0.014489950920757336,-321.73,259.9,0.9496016627285354,0.013693892359124632,-321.73,259.9,0.9496016627285354,9.42212644107538e-06,-321.73,259.9,0.9496016627285354,9.42212644107538e-06,-321.73,259.9,0.9496016627285354,0.012834726942914735,-321.73,259.9,0.0904977375565611,0.0002948853774541753,False,True,False
0,0.9390089986397067,0.002199335412187695,-51.04,34.0,0.9390089986397067,0.004111707722392941,-51.04,34.0,0.9390089986397067,0.00839098703311059,-51.04,34.0,0.9390089986397067,0.0024262132831062875,-51.04,34.0,0.9390089986397067,19.00288134952435,-51.04,34.0,0.9390089986397067,0.010619936596967517,-51.04,34.0,0.9390089986397067,0.0003053750581092652,-51.04,34.0,0.9390089986397067,2.1011428555147234e-07,-51.04,34.0,0.9390089986397067,2.1011428555147234e-07,-51.04,34.0,0.9390089986397067,0.00030537520267903727,-51.04,34.0,0.17637083097795364,-0.00018883818883819477,False,True,False
0,0.9135416980093917,0.01616402541686192,-179.76,206.1,0.9135416980093917,0.012019302633299082,-179.76,206.1,0.9135416980093917,0.03716866219303148,-179.76,206.1,0.9135416980093917,0.012392810010682726,-179.76,206.1,0.9135416980093917,29.41797386160854,-179.76,206.1,0.9135416980093917,0.013186519537795696,-179.76,206.1,0.9135416980093917,0.0027794235516246015,-179.76,206.1,0.9135416980093917,1.9123912653848143e-06,-179.76,206.1,0.9135416980093917,1.9123912653848143e-06,-179.76,206.1,0.9135416980093917,0.002319459977371461,-179.76,206.1,0.1900452488687783,0.00020269143204925113,False,True,False
0,0.9254912872365056,0.0013802859761133845,-49.49,34.05,0.9254912872365056,0.0008293673393874867,-49.49,34.05,0.9254912872365056,1.3053406152092325e-05,-49.49,34.05,0.9254912872365056,0.00086519914924315,-49.49,34.05,0.9254912872365056,17.162289067405702,-49.49,34.05,0.9254912872365056,0.020948222292270068,-49.49,34.05,0.9254912872365056,0.0003413527689653627,-49.49,34.05,0.9254912872365056,2.3486886458982188e-07,-49.49,34.05,0.9254912872365056,2.3486886458982188e-07,-49.49,34.05,0.9254912872365056,0.00034135293056759803,-49.49,34.05,0.18541548897682306,0.00042207792207791064,False,True,False
0,0.9084472196046369,0.019178692890402995,-312.82,179.3,0.9084472196046369,0.027299507234309517,-312.82,179.3,0.9084472196046369,0.10038677659636827,-312.82,179.3,0.9084472196046369,0.0064480526147098205,-312.82,179.3,0.9084472196046369,44.91567969950206,-312.82,179.3,0.9084472196046369,0.016284911639533016,-312.82,179.3,0.9084472196046369,0.009726527606799073,-312.82,179.3,0.9084472196046369,6.692368432617755e-06,-312.82,179.3,0.9084472196046369,6.692368432617755e-06,-312.82,179.3,0.9084472196046369,0.005468274650929535,-312.82,179.3,0.19457013574660637,0.0002029168451186617,False,True,False
0,0.930183851076568,0.0037942265979079757,-24.87,34.05,0.930183851076568,0.0006589700537917558,-24.87,34.05,0.930183851076568,0.0011555830502125624,-24.87,34.05,0.930183851076568,0.004583070402080263,-24.87,34.05,0.930183851076568,9.145570270606099,-24.87,34.05,0.930183851076568,0.013754606108106755,-24.87,34.05,0.930183851076568,0.00020392526931368058,-24.87,34.05,0.930183851076568,1.4031143385785086e-07,-24.87,34.05,0.930183851076568,1.4031143385785086e-07,-24.87,34.05,0.930183851076568,0.0002039253658553886,-24.87,34.05,0.2081447963800905,-0.0001452263952263887,False,True,False
0,0.9085938968119767,0.0027346244707853627,-21.51,34.03,0.9085938968119767,8.876251899203236e-05,-21.51,34.03,0.9085938968119767,0.00034503823947102584,-21.51,34.03,0.9085938968119767,0.003164126371960715,-21.51,34.03,0.9085938968119767,8.08756290015234,-21.51,34.03,0.9085938968119767,0.01482236416159231,-21.51,34.03,0.9085938968119767,0.000247284011256414,-21.51,34.03,0.9085938968119767,1.7014455494545568e-07,-21.51,34.03,0.9085938968119767,1.7014455494545568e-07,-21.51,34.03,0.9085938968119767,0.0002472841283248915,-21.51,34.03,0.21707179197286602,-1.406577553366623e-05,False,True,False
0,0.9203634033413464,0.011560799442622234,-200.22,215.29,0.9203634033413464,0.004778172064177348,-200.22,215.29,0.9203634033413464,0.014831905531959275,-200.22,215.29,0.9203634033413464,0.01069968549810343,-200.22,215.29,0.9203634033413464,45.71556113348149,-200.22,215.29,0.9203634033413464,0.015037220817085738,-200.22,215.29,0.9203634033413464,0.007777812798169668,-200.22,215.29,0.9203634033413464,5.351548975082895e-06,-200.22,215.29,0.9203634033413464,5.351548975082895e-06,-200.22,215.29,0.9203634033413464,0.007770938236175585,-200.22,215.29,0.0995475113122172,9.599859599860134e-05,False,True,False
0,0.926832608715358,0.002814221615327291,-336.5,182.95,0.926832608715358,0.001663860817517002,-336.5,182.95,0.926832608715358,0.004715009212914171,-336.5,182.95,0.926832608715358,0.0034420221464155293,-336.5,182.95,0.926832608715358,45.99088805003073,-336.5,182.95,0.926832608715358,0.01648966618549616,-336.5,182.95,0.926832608715358,0.007075497508828993,-336.5,182.95,0.926832608715358,4.868318693718883e-06,-336.5,182.95,0.926832608715358,4.868318693718883e-06,-336.5,182.95,0.926832608715358,0.007075500858490451,-336.5,182.95,0.10853589598643301,-2.6283163897841058e-05,False,True,False
0,0.9265274491020532,0.004465854587008361,-305.55,250.32,0.9265274491020532,0.0039472105751503506,-305.55,250.32,0.9265274491020532,0.011827897198528203,-305.55,250.32,0.9265274491020532,0.0030721812761063073,-305.55,250.32,0.9265274491020532,70.2977586321685,-305.55,250.32,0.9265274491020532,0.022122575059114413,-305.55,250.32,0.9265274491020532,0.009215849841089278,-305.55,250.32,0.9265274491020532,6.340994962389081e-06,-305.55,250.32,0.9265274491020532,6.340994962389081e-06,-305.55,250.32,0.9265274491020532,0.009141931123388928,-305.55,250.32,0.05882352941176471,0.00047191997191995956,False,True,False
0,0.9137551987363174,0.002959338161442842,-207.43,262.32,0.9137551987363174,0.001080876477114135,-207.43,262.32,0.9137551987363174,0.004792542159373037,-207.43,262.32,0.9137551987363174,0.003056721930948378,-207.43,262.32,0.9137551987363174,38.59447315687382,-207.43,262.32,0.9137551987363174,0.013545907120152943,-207.43,262.32,0.9137551987363174,0.013938892133833132,-207.43,262.32,0.9137551987363174,9.590699319757335e-06,-207.43,262.32,0.9137551987363174,9.590699319757335e-06,-207.43,262.32,0.9137551987363174,0.013938898732742915,-207.43,262.32,0.08592425098925946,-2.5623025623033367e-05,False,True,False
0,0.9321957788148265,0.0036727030153558458,-201.89,179.86,0.9321957788148265,0.00015742965132419553,-201.89,179.86,0.9321957788148265,0.0006210036385179714,-201.89,179.86,0.9321957788148265,0.004426922931972431,-201.89,179.86,0.9321957788148265,35.89198509090134,-201.89,179.86,0.9321957788148265,0.01434060293579061,-201.89,179.86,0.9321957788148265,0.007654499148161873,-201.89,179.86,0.9321957788148265,5.266702623745119e-06,-201.89,179.86,0.9321957788148265,5.266702623745119e-06,-201.89,179.86,0.9321957788148265,0.007654502771932602,-201.89,179.86,0.09502262443438915,9.63866284967107e-05,False,True,False
